audience_id,audience_name,audience_type,type,category,parent,source,updated_at
"30002","High School Graduate","EXTENDED_DEMOGRAPHIC","extended_demographic","Education","Highest Level of Educational Attainment","https://developers.google.com/static/google-ads/api/data/tables/extended-demographics.csv","2026-08-09"
"30004","Bachelor's Degree","EXTENDED_DEMOGRAPHIC","extended_demographic","Education","Highest Level of Educational Attainment","https://developers.google.com/static/google-ads/api/data/tables/extended-demographics.csv","2026-08-09"
"30005","Advanced Degree","EXTENDED_DEMOGRAPHIC","extended_demographic","Education","Highest Level of Educational Attainment","https://developers.google.com/static/google-ads/api/data/tables/extended-demographics.csv","2026-08-09"
"30007","Homeowners","EXTENDED_DEMOGRAPHIC","extended_demographic","Homeownership Status","Homeownership Status","https://developers.google.com/static/google-ads/api/data/tables/extended-demographics.csv","2026-08-09"
"30008","Renters","EXTENDED_DEMOGRAPHIC","extended_demographic","Homeownership Status","Homeownership Status","https://developers.google.com/static/google-ads/api/data/tables/extended-demographics.csv","2026-08-09"
"30010","Parents of Infants (0-1 years)","EXTENDED_DEMOGRAPHIC","extended_demographic","Parental Status","Parents","https://developers.google.com/static/google-ads/api/data/tables/extended-demographics.csv","2026-08-09"
"30011","Parents of Toddlers (1-3 years)","EXTENDED_DEMOGRAPHIC","extended_demographic","Parental Status","Parents","https://developers.google.com/static/google-ads/api/data/tables/extended-demographics.csv","2026-08-09"
"30012","Parents of Preschoolers (4-5 years)","EXTENDED_DEMOGRAPHIC","extended_demographic","Parental Status","Parents","https://developers.google.com/static/google-ads/api/data/tables/extended-demographics.csv","2026-08-09"
"30013","Parents of Grade-Schoolers (6-12 years)","EXTENDED_DEMOGRAPHIC","extended_demographic","Parental Status","Parents","https://developers.google.com/static/google-ads/api/data/tables/extended-demographics.csv","2026-08-09"
"30014","Parents of Teens (13-17 years)","EXTENDED_DEMOGRAPHIC","extended_demographic","Parental Status","Parents","https://developers.google.com/static/google-ads/api/data/tables/extended-demographics.csv","2026-08-09"
"30016","Married","EXTENDED_DEMOGRAPHIC","extended_demographic","Marital Status","Marital Status","https://developers.google.com/static/google-ads/api/data/tables/extended-demographics.csv","2026-08-09"
"30017","Single","EXTENDED_DEMOGRAPHIC","extended_demographic","Marital Status","Marital Status","https://developers.google.com/static/google-ads/api/data/tables/extended-demographics.csv","2026-08-09"
"30022","Healthcare Industry","EXTENDED_DEMOGRAPHIC","extended_demographic","Employment","Industry","https://developers.google.com/static/google-ads/api/data/tables/extended-demographics.csv","2026-08-09"
"30023","Technology Industry","EXTENDED_DEMOGRAPHIC","extended_demographic","Employment","Industry","https://developers.google.com/static/google-ads/api/data/tables/extended-demographics.csv","2026-08-09"
"30024","Hospitality Industry","EXTENDED_DEMOGRAPHIC","extended_demographic","Employment","Industry","https://developers.google.com/static/google-ads/api/data/tables/extended-demographics.csv","2026-08-09"
"30025","Education Sector","EXTENDED_DEMOGRAPHIC","extended_demographic","Employment","Industry","https://developers.google.com/static/google-ads/api/data/tables/extended-demographics.csv","2026-08-09"
"30026","Manufacturing Industry","EXTENDED_DEMOGRAPHIC","extended_demographic","Employment","Industry","https://developers.google.com/static/google-ads/api/data/tables/extended-demographics.csv","2026-08-09"
"30027","Construction Industry","EXTENDED_DEMOGRAPHIC","extended_demographic","Employment","Industry","https://developers.google.com/static/google-ads/api/data/tables/extended-demographics.csv","2026-08-09"
"30028","Small Employer (1-249 Employees)","EXTENDED_DEMOGRAPHIC","extended_demographic","Employment","Company Size","https://developers.google.com/static/google-ads/api/data/tables/extended-demographics.csv","2026-08-09"
"30030","Large Employer (250-10k Employees)","EXTENDED_DEMOGRAPHIC","extended_demographic","Employment","Company Size","https://developers.google.com/static/google-ads/api/data/tables/extended-demographics.csv","2026-08-09"
"30031","Very Large Employer (10k+ Employees)","EXTENDED_DEMOGRAPHIC","extended_demographic","Employment","Company Size","https://developers.google.com/static/google-ads/api/data/tables/extended-demographics.csv","2026-08-09"
"30032","Current College Students","EXTENDED_DEMOGRAPHIC","extended_demographic","Education","Education","https://developers.google.com/static/google-ads/api/data/tables/extended-demographics.csv","2026-08-09"
"30037","In a Relationship","EXTENDED_DEMOGRAPHIC","extended_demographic","Marital Status","Marital Status","https://developers.google.com/static/google-ads/api/data/tables/extended-demographics.csv","2026-08-09"
"30041","Financial Industry","EXTENDED_DEMOGRAPHIC","extended_demographic","Employment","Industry","https://developers.google.com/static/google-ads/api/data/tables/extended-demographics.csv","2026-08-09"
"30042","Real Estate Industry","EXTENDED_DEMOGRAPHIC","extended_demographic","Employment","Industry","https://developers.google.com/static/google-ads/api/data/tables/extended-demographics.csv","2026-08-09"
"80001","Autos & Vehicles","IN_MARKET","in_market","","","https://developers.google.com/static/google-ads/api/data/tables/in-market-categories.csv","2026-08-09"
"80004","Off-Road Vehicles","IN_MARKET","in_market","Autos & Vehicles","Motor Vehicles by Type","https://developers.google.com/static/google-ads/api/data/tables/in-market-categories.csv","2026-08-09"
"80006","Motorcycles","IN_MARKET","in_market","Autos & Vehicles","Motor Vehicles by Type","https://developers.google.com/static/google-ads/api/data/tables/in-market-categories.csv","2026-08-09"
"80012","Hybrid & Alternative Vehicles","IN_MARKET","in_market","Autos & Vehicles","Motor Vehicles by Type","https://developers.google.com/static/google-ads/api/data/tables/in-market-categories.csv","2026-08-09"
"80013","Motor Vehicles by Brand","IN_MARKET","in_market","Autos & Vehicles","Motor Vehicles","https://developers.google.com/static/google-ads/api/data/tables/in-market-categories.csv","2026-08-09"
"80014","Acura","IN_MARKET","in_market","Autos & Vehicles","Motor Vehicles by Brand","https://developers.google.com/static/google-ads/api/data/tables/in-market-categories.csv","2026-08-09"
"80015","Audi","IN_MARKET","in_market","Autos & Vehicles","Motor Vehicles by Brand","https://developers.google.com/static/google-ads/api/data/tables/in-market-categories.csv","2026-08-09"
"80016","BMW","IN_MARKET","in_market","Autos & Vehicles","Motor Vehicles by Brand","https://developers.google.com/static/google-ads/api/data/tables/in-market-categories.csv","2026-08-09"
"80017","Cadillac","IN_MARKET","in_market","Autos & Vehicles","Motor Vehicles by Brand","https://developers.google.com/static/google-ads/api/data/tables/in-market-categories.csv","2026-08-09"
"80018","Chevrolet","IN_MARKET","in_market","Autos & Vehicles","Motor Vehicles by Brand","https://developers.google.com/static/google-ads/api/data/tables/in-market-categories.csv","2026-08-09"
"80019","Chrysler","IN_MARKET","in_market","Autos & Vehicles","Motor Vehicles by Brand","https://developers.google.com/static/google-ads/api/data/tables/in-market-categories.csv","2026-08-09"
"80020","Citroën","IN_MARKET","in_market","Autos & Vehicles","Motor Vehicles by Brand","https://developers.google.com/static/google-ads/api/data/tables/in-market-categories.csv","2026-08-09"
"80021","Dodge","IN_MARKET","in_market","Autos & Vehicles","Motor Vehicles by Brand","https://developers.google.com/static/google-ads/api/data/tables/in-market-categories.csv","2026-08-09"
"80022","Fiat","IN_MARKET","in_market","Autos & Vehicles","Motor Vehicles by Brand","https://developers.google.com/static/google-ads/api/data/tables/in-market-categories.csv","2026-08-09"
"80023","Ford","IN_MARKET","in_market","Autos & Vehicles","Motor Vehicles by Brand","https://developers.google.com/static/google-ads/api/data/tables/in-market-categories.csv","2026-08-09"
"80024","GMC","IN_MARKET","in_market","Autos & Vehicles","Motor Vehicles by Brand","https://developers.google.com/static/google-ads/api/data/tables/in-market-categories.csv","2026-08-09"
"80025","Honda","IN_MARKET","in_market","Autos & Vehicles","Motor Vehicles by Brand","https://developers.google.com/static/google-ads/api/data/tables/in-market-categories.csv","2026-08-09"
"80026","Hyundai","IN_MARKET","in_market","Autos & Vehicles","Motor Vehicles by Brand","https://developers.google.com/static/google-ads/api/data/tables/in-market-categories.csv","2026-08-09"
"80027","Jeep","IN_MARKET","in_market","Autos & Vehicles","Motor Vehicles by Brand","https://developers.google.com/static/google-ads/api/data/tables/in-market-categories.csv","2026-08-09"
"80028","Kia","IN_MARKET","in_market","Autos & Vehicles","Motor Vehicles by Brand","https://developers.google.com/static/google-ads/api/data/tables/in-market-categories.csv","2026-08-09"
"80029","Lexus","IN_MARKET","in_market","Autos & Vehicles","Motor Vehicles by Brand","https://developers.google.com/static/google-ads/api/data/tables/in-market-categories.csv","2026-08-09"
"80030","Lincoln","IN_MARKET","in_market","Autos & Vehicles","Motor Vehicles by Brand","https://developers.google.com/static/google-ads/api/data/tables/in-market-categories.csv","2026-08-09"
"80031","Mazda","IN_MARKET","in_market","Autos & Vehicles","Motor Vehicles by Brand","https://developers.google.com/static/google-ads/api/data/tables/in-market-categories.csv","2026-08-09"
"80032","Mercedes-Benz","IN_MARKET","in_market","Autos & Vehicles","Motor Vehicles by Brand","https://developers.google.com/static/google-ads/api/data/tables/in-market-categories.csv","2026-08-09"
"80033","Mercury","IN_MARKET","in_market","Autos & Vehicles","Motor Vehicles by Brand","https://developers.google.com/static/google-ads/api/data/tables/in-market-categories.csv","2026-08-09"
"80034","Mitsubishi","IN_MARKET","in_market","Autos & Vehicles","Motor Vehicles by Brand","https://developers.google.com/static/google-ads/api/data/tables/in-market-categories.csv","2026-08-09"
"80035","Nissan","IN_MARKET","in_market","Autos & Vehicles","Motor Vehicles by Brand","https://developers.google.com/static/google-ads/api/data/tables/in-market-categories.csv","2026-08-09"
"80036","Peugeot","IN_MARKET","in_market","Autos & Vehicles","Motor Vehicles by Brand","https://developers.google.com/static/google-ads/api/data/tables/in-market-categories.csv","2026-08-09"
"80037","Pontiac","IN_MARKET","in_market","Autos & Vehicles","Motor Vehicles by Brand","https://developers.google.com/static/google-ads/api/data/tables/in-market-categories.csv","2026-08-09"
"80038","Porsche","IN_MARKET","in_market","Autos & Vehicles","Motor Vehicles by Brand","https://developers.google.com/static/google-ads/api/data/tables/in-market-categories.csv","2026-08-09"
"80039","Renault","IN_MARKET","in_market","Autos & Vehicles","Motor Vehicles by Brand","https://developers.google.com/static/google-ads/api/data/tables/in-market-categories.csv","2026-08-09"
"80040","Saturn","IN_MARKET","in_market","Autos & Vehicles","Motor Vehicles by Brand","https://developers.google.com/static/google-ads/api/data/tables/in-market-categories.csv","2026-08-09"
"80041","Subaru","IN_MARKET","in_market","Autos & Vehicles","Motor Vehicles by Brand","https://developers.google.com/static/google-ads/api/data/tables/in-market-categories.csv","2026-08-09"
"80042","Toyota","IN_MARKET","in_market","Autos & Vehicles","Motor Vehicles by Brand","https://developers.google.com/static/google-ads/api/data/tables/in-market-categories.csv","2026-08-09"
"80043","Volkswagen","IN_MARKET","in_market","Autos & Vehicles","Motor Vehicles by Brand","https://developers.google.com/static/google-ads/api/data/tables/in-market-categories.csv","2026-08-09"
"80044","Volvo","IN_MARKET","in_market","Autos & Vehicles","Motor Vehicles by Brand","https://developers.google.com/static/google-ads/api/data/tables/in-market-categories.csv","2026-08-09"
"80045","GM-Daewoo","IN_MARKET","in_market","Autos & Vehicles","Motor Vehicles by Brand","https://developers.google.com/static/google-ads/api/data/tables/in-market-categories.csv","2026-08-09"
"80046","Saab","IN_MARKET","in_market","Autos & Vehicles","Motor Vehicles by Brand","https://developers.google.com/static/google-ads/api/data/tables/in-market-categories.csv","2026-08-09"
"80047","Vauxhall-Opel","IN_MARKET","in_market","Autos & Vehicles","Motor Vehicles by Brand","https://developers.google.com/static/google-ads/api/data/tables/in-market-categories.csv","2026-08-09"
"80049","Classic Vehicles","IN_MARKET","in_market","Autos & Vehicles","Motor Vehicles by Type","https://developers.google.com/static/google-ads/api/data/tables/in-market-categories.csv","2026-08-09"
"80050","Pickup Trucks","IN_MARKET","in_market","Autos & Vehicles","Motor Vehicles by Type","https://developers.google.com/static/google-ads/api/data/tables/in-market-categories.csv","2026-08-09"
"80051","SUVs","IN_MARKET","in_market","Autos & Vehicles","Motor Vehicles by Type","https://developers.google.com/static/google-ads/api/data/tables/in-market-categories.csv","2026-08-09"
"80052","Vans & Minivans","IN_MARKET","in_market","Autos & Vehicles","Motor Vehicles by Type","https://developers.google.com/static/google-ads/api/data/tables/in-market-categories.csv","2026-08-09"
"80054","Buick","IN_MARKET","in_market","Autos & Vehicles","Motor Vehicles by Brand","https://developers.google.com/static/google-ads/api/data/tables/in-market-categories.csv","2026-08-09"
"80056","Hummer","IN_MARKET","in_market","Autos & Vehicles","Motor Vehicles by Brand","https://developers.google.com/static/google-ads/api/data/tables/in-market-categories.csv","2026-08-09"
"80057","Jaguar","IN_MARKET","in_market","Autos & Vehicles","Motor Vehicles by Brand","https://developers.google.com/static/google-ads/api/data/tables/in-market-categories.csv","2026-08-09"
"80059","Land Rover","IN_MARKET","in_market","Autos & Vehicles","Motor Vehicles by Brand","https://developers.google.com/static/google-ads/api/data/tables/in-market-categories.csv","2026-08-09"
"80060","Maserati","IN_MARKET","in_market","Autos & Vehicles","Motor Vehicles by Brand","https://developers.google.com/static/google-ads/api/data/tables/in-market-categories.csv","2026-08-09"
"80061","Mini","IN_MARKET","in_market","Autos & Vehicles","Motor Vehicles by Brand","https://developers.google.com/static/google-ads/api/data/tables/in-market-categories.csv","2026-08-09"
"80063","Scion","IN_MARKET","in_market","Autos & Vehicles","Motor Vehicles by Brand","https://developers.google.com/static/google-ads/api/data/tables/in-market-categories.csv","2026-08-09"
"80064","Suzuki","IN_MARKET","in_market","Autos & Vehicles","Motor Vehicles by Brand","https://developers.google.com/static/google-ads/api/data/tables/in-market-categories.csv","2026-08-09"
"80065","Boats & Watercraft","IN_MARKET","in_market","Autos & Vehicles","Vehicles (Other)","https://developers.google.com/static/google-ads/api/data/tables/in-market-categories.csv","2026-08-09"
"80067","Bicycles & Accessories","IN_MARKET","in_market","Autos & Vehicles","Vehicles (Other)","https://developers.google.com/static/google-ads/api/data/tables/in-market-categories.csv","2026-08-09"
"80068","Scooters & Mopeds","IN_MARKET","in_market","Autos & Vehicles","Motor Vehicles by Type","https://developers.google.com/static/google-ads/api/data/tables/in-market-categories.csv","2026-08-09"
"80069","Campers & RVs","IN_MARKET","in_market","Autos & Vehicles","Vehicles (Other)","https://developers.google.com/static/google-ads/api/data/tables/in-market-categories.csv","2026-08-09"
"80070","Commercial Vehicles","IN_MARKET","in_market","Autos & Vehicles","Vehicles (Other)","https://developers.google.com/static/google-ads/api/data/tables/in-market-categories.csv","2026-08-09"
"80079","Microcars & Subcompacts","IN_MARKET","in_market","Autos & Vehicles","Motor Vehicles by Type","https://developers.google.com/static/google-ads/api/data/tables/in-market-categories.csv","2026-08-09"
"80080","Infiniti","IN_MARKET","in_market","Autos & Vehicles","Motor Vehicles by Brand","https://developers.google.com/static/google-ads/api/data/tables/in-market-categories.csv","2026-08-09"
"80081","Isuzu","IN_MARKET","in_market","Autos & Vehicles","Motor Vehicles by Brand","https://developers.google.com/static/google-ads/api/data/tables/in-market-categories.csv","2026-08-09"
"80093","Alfa Romeo","IN_MARKET","in_market","Autos & Vehicles","Motor Vehicles by Brand","https://developers.google.com/static/google-ads/api/data/tables/in-market-categories.csv","2026-08-09"
"80094","SEAT","IN_MARKET","in_market","Autos & Vehicles","Motor Vehicles by Brand","https://developers.google.com/static/google-ads/api/data/tables/in-market-categories.csv","2026-08-09"
"80097","Motor Vehicles (New)","IN_MARKET","in_market","Autos & Vehicles","Motor Vehicles","https://developers.google.com/static/google-ads/api/data/tables/in-market-categories.csv","2026-08-09"
"80099","Motor Vehicles (Used)","IN_MARKET","in_market","Autos & Vehicles","Motor Vehicles","https://developers.google.com/static/google-ads/api/data/tables/in-market-categories.csv","2026-08-09"
"80102","Convertibles","IN_MARKET","in_market","Autos & Vehicles","Motor Vehicles by Type","https://developers.google.com/static/google-ads/api/data/tables/in-market-categories.csv","2026-08-09"
"80103","Coupes","IN_MARKET","in_market","Autos & Vehicles","Motor Vehicles by Type","https://developers.google.com/static/google-ads/api/data/tables/in-market-categories.csv","2026-08-09"
"80104","Diesel Vehicles","IN_MARKET","in_market","Autos & Vehicles","Motor Vehicles by Type","https://developers.google.com/static/google-ads/api/data/tables/in-market-categories.csv","2026-08-09"
"80105","Hatchbacks","IN_MARKET","in_market","Autos & Vehicles","Motor Vehicles by Type","https://developers.google.com/static/google-ads/api/data/tables/in-market-categories.csv","2026-08-09"
"80106","Luxury Vehicles","IN_MARKET","in_market","Autos & Vehicles","Motor Vehicles by Type","https://developers.google.com/static/google-ads/api/data/tables/in-market-categories.csv","2026-08-09"
"80107","Sedans","IN_MARKET","in_market","Autos & Vehicles","Motor Vehicles by Type","https://developers.google.com/static/google-ads/api/data/tables/in-market-categories.csv","2026-08-09"
"80108","Sports Cars","IN_MARKET","in_market","Autos & Vehicles","Motor Vehicles by Type","https://developers.google.com/static/google-ads/api/data/tables/in-market-categories.csv","2026-08-09"
"80109","Station Wagons","IN_MARKET","in_market","Autos & Vehicles","Motor Vehicles by Type","https://developers.google.com/static/google-ads/api/data/tables/in-market-categories.csv","2026-08-09"
"80110","Crossovers","IN_MARKET","in_market","Autos & Vehicles","Motor Vehicles by Type","https://developers.google.com/static/google-ads/api/data/tables/in-market-categories.csv","2026-08-09"
"80111","Compact Cars","IN_MARKET","in_market","Autos & Vehicles","Motor Vehicles by Type","https://developers.google.com/static/google-ads/api/data/tables/in-market-categories.csv","2026-08-09"
"80112","Compact Cars (Used)","IN_MARKET","in_market","Autos & Vehicles","Compact Cars","https://developers.google.com/static/google-ads/api/data/tables/in-market-categories.csv","2026-08-09"
"80113","Convertibles (Used)","IN_MARKET","in_market","Autos & Vehicles","Convertibles","https://developers.google.com/static/google-ads/api/data/tables/in-market-categories.csv","2026-08-09"
"80114","Crossovers (Used)","IN_MARKET","in_market","Autos & Vehicles","Crossovers","https://developers.google.com/static/google-ads/api/data/tables/in-market-categories.csv","2026-08-09"
"80115","Diesel Vehicles (Used)","IN_MARKET","in_market","Autos & Vehicles","Diesel Vehicles","https://developers.google.com/static/google-ads/api/data/tables/in-market-categories.csv","2026-08-09"
"80116","Hatchbacks (Used)","IN_MARKET","in_market","Autos & Vehicles","Hatchbacks","https://developers.google.com/static/google-ads/api/data/tables/in-market-categories.csv","2026-08-09"
"80117","Hybrid & Alternative Vehicles (Used)","IN_MARKET","in_market","Autos & Vehicles","Hybrid & Alternative Vehicles","https://developers.google.com/static/google-ads/api/data/tables/in-market-categories.csv","2026-08-09"
"80118","Luxury Vehicles (Used)","IN_MARKET","in_market","Autos & Vehicles","Luxury Vehicles","https://developers.google.com/static/google-ads/api/data/tables/in-market-categories.csv","2026-08-09"
"80119","Microcars & Subcompacts (Used)","IN_MARKET","in_market","Autos & Vehicles","Microcars & Subcompacts","https://developers.google.com/static/google-ads/api/data/tables/in-market-categories.csv","2026-08-09"
"80120","Motorcycles (Used)","IN_MARKET","in_market","Autos & Vehicles","Motorcycles","https://developers.google.com/static/google-ads/api/data/tables/in-market-categories.csv","2026-08-09"
"80121","Scooters & Mopeds (Used)","IN_MARKET","in_market","Autos & Vehicles","Scooters & Mopeds","https://developers.google.com/static/google-ads/api/data/tables/in-market-categories.csv","2026-08-09"
"80122","Sedans (Used)","IN_MARKET","in_market","Autos & Vehicles","Sedans","https://developers.google.com/static/google-ads/api/data/tables/in-market-categories.csv","2026-08-09"
"80123","Sports Cars (Used)","IN_MARKET","in_market","Autos & Vehicles","Sports Cars","https://developers.google.com/static/google-ads/api/data/tables/in-market-categories.csv","2026-08-09"
"80124","Station Wagons (Used)","IN_MARKET","in_market","Autos & Vehicles","Station Wagons","https://developers.google.com/static/google-ads/api/data/tables/in-market-categories.csv","2026-08-09"
"80127","Pickup Trucks (Used)","IN_MARKET","in_market","Autos & Vehicles","Pickup Trucks","https://developers.google.com/static/google-ads/api/data/tables/in-market-categories.csv","2026-08-09"
"80128","SUVs (Used)","IN_MARKET","in_market","Autos & Vehicles","SUVs","https://developers.google.com/static/google-ads/api/data/tables/in-market-categories.csv","2026-08-09"
"80129","Vans & Minivans (Used)","IN_MARKET","in_market","Autos & Vehicles","Vans & Minivans","https://developers.google.com/static/google-ads/api/data/tables/in-market-categories.csv","2026-08-09"
"80130","Financial Services","IN_MARKET","in_market","","","https://developers.google.com/static/google-ads/api/data/tables/in-market-categories.csv","2026-08-09"
"80131","Real Estate","IN_MARKET","in_market","","","https://developers.google.com/static/google-ads/api/data/tables/in-market-categories.csv","2026-08-09"
"80132","Banking Services","IN_MARKET","in_market","Financial Services","Financial Services","https://developers.google.com/static/google-ads/api/data/tables/in-market-categories.csv","2026-08-09"
"80133","Financial Planning","IN_MARKET","in_market","Financial Services","Financial Services","https://developers.google.com/static/google-ads/api/data/tables/in-market-categories.csv","2026-08-09"
"80134","Insurance","IN_MARKET","in_market","Financial Services","Financial Services","https://developers.google.com/static/google-ads/api/data/tables/in-market-categories.csv","2026-08-09"
"80135","Credit & Lending","IN_MARKET","in_market","Financial Services","Financial Services","https://developers.google.com/static/google-ads/api/data/tables/in-market-categories.csv","2026-08-09"
"80136","Mortgage","IN_MARKET","in_market","Financial Services","Credit & Lending","https://developers.google.com/static/google-ads/api/data/tables/in-market-categories.csv","2026-08-09"
"80137","Tax Preparation Services & Software","IN_MARKET","in_market","Financial Services","Financial Services","https://developers.google.com/static/google-ads/api/data/tables/in-market-categories.csv","2026-08-09"
"80138","Business Loans","IN_MARKET","in_market","Financial Services","Credit & Lending","https://developers.google.com/static/google-ads/api/data/tables/in-market-categories.csv","2026-08-09"
"80139","Personal Loans","IN_MARKET","in_market","Financial Services","Credit & Lending","https://developers.google.com/static/google-ads/api/data/tables/in-market-categories.csv","2026-08-09"
"80140","Auto Loans","IN_MARKET","in_market","Financial Services","Credit & Lending","https://developers.google.com/static/google-ads/api/data/tables/in-market-categories.csv","2026-08-09"
"80141","Credit Cards","IN_MARKET","in_market","Financial Services","Credit & Lending","https://developers.google.com/static/google-ads/api/data/tables/in-market-categories.csv","2026-08-09"
"80142","Debit & Checking Services","IN_MARKET","in_market","Financial Services","Banking Services","https://developers.google.com/static/google-ads/api/data/tables/in-market-categories.csv","2026-08-09"
"80143","Auto Insurance","IN_MARKET","in_market","Financial Services","Insurance","https://developers.google.com/static/google-ads/api/data/tables/in-market-categories.csv","2026-08-09"
"80144","Health Insurance","IN_MARKET","in_market","Financial Services","Insurance","https://developers.google.com/static/google-ads/api/data/tables/in-market-categories.csv","2026-08-09"
"80145","Life Insurance","IN_MARKET","in_market","Financial Services","Insurance","https://developers.google.com/static/google-ads/api/data/tables/in-market-categories.csv","2026-08-09"
"80146","Travel Insurance","IN_MARKET","in_market","Financial Services","Insurance","https://developers.google.com/static/google-ads/api/data/tables/in-market-categories.csv","2026-08-09"
"80149","Investment Services","IN_MARKET","in_market","Financial Services","Financial Services","https://developers.google.com/static/google-ads/api/data/tables/in-market-categories.csv","2026-08-09"
"80150","Estate Planning","IN_MARKET","in_market","Financial Services","Financial Planning","https://developers.google.com/static/google-ads/api/data/tables/in-market-categories.csv","2026-08-09"
"80151","Retirement Planning","IN_MARKET","in_market","Financial Services","Financial Planning","https://developers.google.com/static/google-ads/api/data/tables/in-market-categories.csv","2026-08-09"
"80152","Mortgage Refinancing","IN_MARKET","in_market","Financial Services","Mortgage","https://developers.google.com/static/google-ads/api/data/tables/in-market-categories.csv","2026-08-09"
"80153","Home Purchase Loans","IN_MARKET","in_market","Financial Services","Mortgage","https://developers.google.com/static/google-ads/api/data/tables/in-market-categories.csv","2026-08-09"
"80155","Residential Properties (For Rent)","IN_MARKET","in_market","Real Estate","Residential Properties","https://developers.google.com/static/google-ads/api/data/tables/in-market-categories.csv","2026-08-09"
"80157","Residential Properties (For Sale)","IN_MARKET","in_market","Real Estate","Residential Properties","https://developers.google.com/static/google-ads/api/data/tables/in-market-categories.csv","2026-08-09"
"80158","Commercial Properties (For Sale)","IN_MARKET","in_market","Real Estate","Commercial Properties","https://developers.google.com/static/google-ads/api/data/tables/in-market-categories.csv","2026-08-09"
"80159","Houses (For Rent)","IN_MARKET","in_market","Real Estate","Residential Properties (For Rent)","https://developers.google.com/static/google-ads/api/data/tables/in-market-categories.csv","2026-08-09"
"80160","Apartments (For Rent)","IN_MARKET","in_market","Real Estate","Residential Properties (For Rent)","https://developers.google.com/static/google-ads/api/data/tables/in-market-categories.csv","2026-08-09"
"80161","Commercial Properties (For Rent)","IN_MARKET","in_market","Real Estate","Commercial Properties","https://developers.google.com/static/google-ads/api/data/tables/in-market-categories.csv","2026-08-09"
"80162","Furnished Apartments","IN_MARKET","in_market","Real Estate","Apartments (For Rent)","https://developers.google.com/static/google-ads/api/data/tables/in-market-categories.csv","2026-08-09"
"80163","Unfurnished Apartments","IN_MARKET","in_market","Real Estate","Apartments (For Rent)","https://developers.google.com/static/google-ads/api/data/tables/in-market-categories.csv","2026-08-09"
"80164","Preowned Houses (For Sale)","IN_MARKET","in_market","Real Estate","Houses (For Sale)","https://developers.google.com/static/google-ads/api/data/tables/in-market-categories.csv","2026-08-09"
"80165","Preowned Apartments (For Sale)","IN_MARKET","in_market","Real Estate","Apartments (For Sale)","https://developers.google.com/static/google-ads/api/data/tables/in-market-categories.csv","2026-08-09"
"80166","New Houses (For Sale)","IN_MARKET","in_market","Real Estate","Houses (For Sale)","https://developers.google.com/static/google-ads/api/data/tables/in-market-categories.csv","2026-08-09"
"80167","New Apartments (For Sale)","IN_MARKET","in_market","Real Estate","Apartments (For Sale)","https://developers.google.com/static/google-ads/api/data/tables/in-market-categories.csv","2026-08-09"
"80168","Foreclosed Properties (For Sale)","IN_MARKET","in_market","Real Estate","Residential Properties (For Sale)","https://developers.google.com/static/google-ads/api/data/tables/in-market-categories.csv","2026-08-09"
"80169","Vehicles (Other)","IN_MARKET","in_market","Autos & Vehicles","Autos & Vehicles","https://developers.google.com/static/google-ads/api/data/tables/in-market-categories.csv","2026-08-09"
"80170","Coupes (Used)","IN_MARKET","in_market","Autos & Vehicles","Coupes","https://developers.google.com/static/google-ads/api/data/tables/in-market-categories.csv","2026-08-09"
"80171","Motor Vehicles by Type","IN_MARKET","in_market","Autos & Vehicles","Motor Vehicles","https://developers.google.com/static/google-ads/api/data/tables/in-market-categories.csv","2026-08-09"
"80172","Compact Cars (New)","IN_MARKET","in_market","Autos & Vehicles","Compact Cars","https://developers.google.com/static/google-ads/api/data/tables/in-market-categories.csv","2026-08-09"
"80173","Convertibles (New)","IN_MARKET","in_market","Autos & Vehicles","Convertibles","https://developers.google.com/static/google-ads/api/data/tables/in-market-categories.csv","2026-08-09"
"80174","Coupes (New)","IN_MARKET","in_market","Autos & Vehicles","Coupes","https://developers.google.com/static/google-ads/api/data/tables/in-market-categories.csv","2026-08-09"
"80175","Crossovers (New)","IN_MARKET","in_market","Autos & Vehicles","Crossovers","https://developers.google.com/static/google-ads/api/data/tables/in-market-categories.csv","2026-08-09"
"80176","Diesel Vehicles (New)","IN_MARKET","in_market","Autos & Vehicles","Diesel Vehicles","https://developers.google.com/static/google-ads/api/data/tables/in-market-categories.csv","2026-08-09"
"80177","Hatchbacks (New)","IN_MARKET","in_market","Autos & Vehicles","Hatchbacks","https://developers.google.com/static/google-ads/api/data/tables/in-market-categories.csv","2026-08-09"
"80178","Hybrid & Alternative Vehicles (New)","IN_MARKET","in_market","Autos & Vehicles","Hybrid & Alternative Vehicles","https://developers.google.com/static/google-ads/api/data/tables/in-market-categories.csv","2026-08-09"
"80179","Luxury Vehicles (New)","IN_MARKET","in_market","Autos & Vehicles","Luxury Vehicles","https://developers.google.com/static/google-ads/api/data/tables/in-market-categories.csv","2026-08-09"
"80180","Microcars & Subcompacts (New)","IN_MARKET","in_market","Autos & Vehicles","Microcars & Subcompacts","https://developers.google.com/static/google-ads/api/data/tables/in-market-categories.csv","2026-08-09"
"80181","Motorcycles (New)","IN_MARKET","in_market","Autos & Vehicles","Motorcycles","https://developers.google.com/static/google-ads/api/data/tables/in-market-categories.csv","2026-08-09"
"80182","Off-Road Vehicles (New)","IN_MARKET","in_market","Autos & Vehicles","Off-Road Vehicles","https://developers.google.com/static/google-ads/api/data/tables/in-market-categories.csv","2026-08-09"
"80183","Scooters & Mopeds (New)","IN_MARKET","in_market","Autos & Vehicles","Scooters & Mopeds","https://developers.google.com/static/google-ads/api/data/tables/in-market-categories.csv","2026-08-09"
"80184","Sedans (New)","IN_MARKET","in_market","Autos & Vehicles","Sedans","https://developers.google.com/static/google-ads/api/data/tables/in-market-categories.csv","2026-08-09"
"80185","Sports Cars (New)","IN_MARKET","in_market","Autos & Vehicles","Sports Cars","https://developers.google.com/static/google-ads/api/data/tables/in-market-categories.csv","2026-08-09"
"80186","Station Wagons (New)","IN_MARKET","in_market","Autos & Vehicles","Station Wagons","https://developers.google.com/static/google-ads/api/data/tables/in-market-categories.csv","2026-08-09"
"80187","Pickup Trucks (New)","IN_MARKET","in_market","Autos & Vehicles","Pickup Trucks","https://developers.google.com/static/google-ads/api/data/tables/in-market-categories.csv","2026-08-09"
"80188","SUVs (New)","IN_MARKET","in_market","Autos & Vehicles","SUVs","https://developers.google.com/static/google-ads/api/data/tables/in-market-categories.csv","2026-08-09"
"80189","Vans & Minivans (New)","IN_MARKET","in_market","Autos & Vehicles","Vans & Minivans","https://developers.google.com/static/google-ads/api/data/tables/in-market-categories.csv","2026-08-09"
"80190","Off-Road Vehicles (Used)","IN_MARKET","in_market","Autos & Vehicles","Off-Road Vehicles","https://developers.google.com/static/google-ads/api/data/tables/in-market-categories.csv","2026-08-09"
"80191","Home Insurance","IN_MARKET","in_market","Financial Services","Insurance","https://developers.google.com/static/google-ads/api/data/tables/in-market-categories.csv","2026-08-09"
"80192","Student Loans","IN_MARKET","in_market","Financial Services","Credit & Lending","https://developers.google.com/static/google-ads/api/data/tables/in-market-categories.csv","2026-08-09"
"80193","Computers & Peripherals","IN_MARKET","in_market","","","https://developers.google.com/static/google-ads/api/data/tables/in-market-categories.csv","2026-08-09"
"80194","Computers","IN_MARKET","in_market","Computers & Peripherals","Computers & Peripherals","https://developers.google.com/static/google-ads/api/data/tables/in-market-categories.csv","2026-08-09"
"80195","Computer Accessories & Components","IN_MARKET","in_market","Computers & Peripherals","Computers & Peripherals","https://developers.google.com/static/google-ads/api/data/tables/in-market-categories.csv","2026-08-09"
"80196","Printers, Scanners & Faxes","IN_MARKET","in_market","Computers & Peripherals","Computers & Peripherals","https://developers.google.com/static/google-ads/api/data/tables/in-market-categories.csv","2026-08-09"
"80197","Desktop Computers","IN_MARKET","in_market","Computers & Peripherals","Computers","https://developers.google.com/static/google-ads/api/data/tables/in-market-categories.csv","2026-08-09"
"80198","Laptops & Notebooks","IN_MARKET","in_market","Computers & Peripherals","Computers","https://developers.google.com/static/google-ads/api/data/tables/in-market-categories.csv","2026-08-09"
"80199","Tablets & Ultraportable Devices","IN_MARKET","in_market","Computers & Peripherals","Computers","https://developers.google.com/static/google-ads/api/data/tables/in-market-categories.csv","2026-08-09"
"80200","Computer Monitors","IN_MARKET","in_market","Computers & Peripherals","Computer Accessories & Components","https://developers.google.com/static/google-ads/api/data/tables/in-market-categories.csv","2026-08-09"
"80201","Memory & Storage","IN_MARKET","in_market","Computers & Peripherals","Computer Accessories & Components","https://developers.google.com/static/google-ads/api/data/tables/in-market-categories.csv","2026-08-09"
"80202","Houses (For Sale)","IN_MARKET","in_market","Real Estate","Residential Properties (For Sale)","https://developers.google.com/static/google-ads/api/data/tables/in-market-categories.csv","2026-08-09"
"80203","Apartments (For Sale)","IN_MARKET","in_market","Real Estate","Residential Properties (For Sale)","https://developers.google.com/static/google-ads/api/data/tables/in-market-categories.csv","2026-08-09"
"80204","Commercial Properties","IN_MARKET","in_market","Real Estate","Real Estate","https://developers.google.com/static/google-ads/api/data/tables/in-market-categories.csv","2026-08-09"
"80205","Residential Properties","IN_MARKET","in_market","Real Estate","Real Estate","https://developers.google.com/static/google-ads/api/data/tables/in-market-categories.csv","2026-08-09"
"80206","Motor Vehicles","IN_MARKET","in_market","Autos & Vehicles","Autos & Vehicles","https://developers.google.com/static/google-ads/api/data/tables/in-market-categories.csv","2026-08-09"
"80207","Consumer Electronics","IN_MARKET","in_market","","","https://developers.google.com/static/google-ads/api/data/tables/in-market-categories.csv","2026-08-09"
"80208","Cameras","IN_MARKET","in_market","Consumer Electronics","Consumer Electronics","https://developers.google.com/static/google-ads/api/data/tables/in-market-categories.csv","2026-08-09"
"80209","Camcorders","IN_MARKET","in_market","Consumer Electronics","Consumer Electronics","https://developers.google.com/static/google-ads/api/data/tables/in-market-categories.csv","2026-08-09"
"80210","Audio","IN_MARKET","in_market","Consumer Electronics","Consumer Electronics","https://developers.google.com/static/google-ads/api/data/tables/in-market-categories.csv","2026-08-09"
"80211","Televisions","IN_MARKET","in_market","Consumer Electronics","Consumer Electronics","https://developers.google.com/static/google-ads/api/data/tables/in-market-categories.csv","2026-08-09"
"80212","DVD & Blu-Ray Players","IN_MARKET","in_market","Consumer Electronics","Consumer Electronics","https://developers.google.com/static/google-ads/api/data/tables/in-market-categories.csv","2026-08-09"
"80213","Home Theater Systems","IN_MARKET","in_market","Consumer Electronics","Consumer Electronics","https://developers.google.com/static/google-ads/api/data/tables/in-market-categories.csv","2026-08-09"
"80214","GPS & Navigation","IN_MARKET","in_market","Consumer Electronics","Consumer Electronics","https://developers.google.com/static/google-ads/api/data/tables/in-market-categories.csv","2026-08-09"
"80215","LCD TVs","IN_MARKET","in_market","Consumer Electronics","Televisions","https://developers.google.com/static/google-ads/api/data/tables/in-market-categories.csv","2026-08-09"
"80216","HDTVs","IN_MARKET","in_market","Consumer Electronics","Televisions","https://developers.google.com/static/google-ads/api/data/tables/in-market-categories.csv","2026-08-09"
"80217","Plasma TVs","IN_MARKET","in_market","Consumer Electronics","Televisions","https://developers.google.com/static/google-ads/api/data/tables/in-market-categories.csv","2026-08-09"
"80218","Car Audio","IN_MARKET","in_market","Consumer Electronics","Audio","https://developers.google.com/static/google-ads/api/data/tables/in-market-categories.csv","2026-08-09"
"80219","MP3 Players","IN_MARKET","in_market","Consumer Electronics","Audio","https://developers.google.com/static/google-ads/api/data/tables/in-market-categories.csv","2026-08-09"
"80220","Pro Musician & DJ Equipment","IN_MARKET","in_market","Consumer Electronics","Audio","https://developers.google.com/static/google-ads/api/data/tables/in-market-categories.csv","2026-08-09"
"80221","Speakers","IN_MARKET","in_market","Consumer Electronics","Audio","https://developers.google.com/static/google-ads/api/data/tables/in-market-categories.csv","2026-08-09"
"80222","Stereo Systems","IN_MARKET","in_market","Consumer Electronics","Audio","https://developers.google.com/static/google-ads/api/data/tables/in-market-categories.csv","2026-08-09"
"80223","Camera Lenses","IN_MARKET","in_market","Consumer Electronics","Cameras","https://developers.google.com/static/google-ads/api/data/tables/in-market-categories.csv","2026-08-09"
"80224","Digital SLRs","IN_MARKET","in_market","Consumer Electronics","Cameras","https://developers.google.com/static/google-ads/api/data/tables/in-market-categories.csv","2026-08-09"
"80225","Point & Shoots","IN_MARKET","in_market","Consumer Electronics","Cameras","https://developers.google.com/static/google-ads/api/data/tables/in-market-categories.csv","2026-08-09"
"80226","Education","IN_MARKET","in_market","","","https://developers.google.com/static/google-ads/api/data/tables/in-market-categories.csv","2026-08-09"
"80227","Foreign Language Study","IN_MARKET","in_market","Education","Education","https://developers.google.com/static/google-ads/api/data/tables/in-market-categories.csv","2026-08-09"
"80228","Post-Secondary Education","IN_MARKET","in_market","Education","Education","https://developers.google.com/static/google-ads/api/data/tables/in-market-categories.csv","2026-08-09"
"80229","Primary & Secondary Schools (K-12)","IN_MARKET","in_market","Education","Education","https://developers.google.com/static/google-ads/api/data/tables/in-market-categories.csv","2026-08-09"
"80230","Study Abroad Programs","IN_MARKET","in_market","Education","Education","https://developers.google.com/static/google-ads/api/data/tables/in-market-categories.csv","2026-08-09"
"80231","Test Preparation & Tutoring","IN_MARKET","in_market","Education","Education","https://developers.google.com/static/google-ads/api/data/tables/in-market-categories.csv","2026-08-09"
"80232","Arts & Design Education","IN_MARKET","in_market","Education","Post-Secondary Education","https://developers.google.com/static/google-ads/api/data/tables/in-market-categories.csv","2026-08-09"
"80233","Business Education","IN_MARKET","in_market","Education","Post-Secondary Education","https://developers.google.com/static/google-ads/api/data/tables/in-market-categories.csv","2026-08-09"
"80234","Health Care Education","IN_MARKET","in_market","Education","Post-Secondary Education","https://developers.google.com/static/google-ads/api/data/tables/in-market-categories.csv","2026-08-09"
"80235","Technology Education","IN_MARKET","in_market","Education","Post-Secondary Education","https://developers.google.com/static/google-ads/api/data/tables/in-market-categories.csv","2026-08-09"
"80236","Nursing Education","IN_MARKET","in_market","Education","Health Care Education","https://developers.google.com/static/google-ads/api/data/tables/in-market-categories.csv","2026-08-09"
"80237","Home & Garden","IN_MARKET","in_market","","","https://developers.google.com/static/google-ads/api/data/tables/in-market-categories.csv","2026-08-09"
"80238","Home Appliances","IN_MARKET","in_market","Home & Garden","Home & Garden","https://developers.google.com/static/google-ads/api/data/tables/in-market-categories.csv","2026-08-09"
"80239","Home Decor","IN_MARKET","in_market","Home & Garden","Home & Garden","https://developers.google.com/static/google-ads/api/data/tables/in-market-categories.csv","2026-08-09"
"80240","Home Furnishings","IN_MARKET","in_market","Home & Garden","Home & Garden","https://developers.google.com/static/google-ads/api/data/tables/in-market-categories.csv","2026-08-09"
"80241","Home Improvement","IN_MARKET","in_market","Home & Garden","Home & Garden","https://developers.google.com/static/google-ads/api/data/tables/in-market-categories.csv","2026-08-09"
"80242","Home Security","IN_MARKET","in_market","Home & Garden","Home & Garden","https://developers.google.com/static/google-ads/api/data/tables/in-market-categories.csv","2026-08-09"
"80243","Pools & Spas","IN_MARKET","in_market","Home & Garden","Outdoor Items","https://developers.google.com/static/google-ads/api/data/tables/in-market-categories.csv","2026-08-09"
"80244","Game Consoles","IN_MARKET","in_market","Consumer Electronics","Consumer Electronics","https://developers.google.com/static/google-ads/api/data/tables/in-market-categories.csv","2026-08-09"
"80245","Nintendo Consoles","IN_MARKET","in_market","Consumer Electronics","Game Consoles","https://developers.google.com/static/google-ads/api/data/tables/in-market-categories.csv","2026-08-09"
"80246","Sony PlayStation","IN_MARKET","in_market","Consumer Electronics","Game Consoles","https://developers.google.com/static/google-ads/api/data/tables/in-market-categories.csv","2026-08-09"
"80247","Xbox","IN_MARKET","in_market","Consumer Electronics","Game Consoles","https://developers.google.com/static/google-ads/api/data/tables/in-market-categories.csv","2026-08-09"
"80248","Living Room","IN_MARKET","in_market","Home & Garden","Home Furnishings","https://developers.google.com/static/google-ads/api/data/tables/in-market-categories.csv","2026-08-09"
"80249","Kitchen & Dining Room","IN_MARKET","in_market","Home & Garden","Home Furnishings","https://developers.google.com/static/google-ads/api/data/tables/in-market-categories.csv","2026-08-09"
"80250","Bedroom","IN_MARKET","in_market","Home & Garden","Home Furnishings","https://developers.google.com/static/google-ads/api/data/tables/in-market-categories.csv","2026-08-09"
"80251","Home Office","IN_MARKET","in_market","Home & Garden","Home Furnishings","https://developers.google.com/static/google-ads/api/data/tables/in-market-categories.csv","2026-08-09"
"80252","Nursery","IN_MARKET","in_market","Home & Garden","Home Furnishings","https://developers.google.com/static/google-ads/api/data/tables/in-market-categories.csv","2026-08-09"
"80253","Garden & Outdoor Furniture","IN_MARKET","in_market","Home & Garden","Outdoor Items","https://developers.google.com/static/google-ads/api/data/tables/in-market-categories.csv","2026-08-09"
"80254","Rugs & Carpets","IN_MARKET","in_market","Home & Garden","Home Decor","https://developers.google.com/static/google-ads/api/data/tables/in-market-categories.csv","2026-08-09"
"80255","Curtains & Window Treatments","IN_MARKET","in_market","Home & Garden","Home Decor","https://developers.google.com/static/google-ads/api/data/tables/in-market-categories.csv","2026-08-09"
"80256","Fireplaces","IN_MARKET","in_market","Home & Garden","Home Decor","https://developers.google.com/static/google-ads/api/data/tables/in-market-categories.csv","2026-08-09"
"80257","Washers & Dryers","IN_MARKET","in_market","Home & Garden","Home Appliances","https://developers.google.com/static/google-ads/api/data/tables/in-market-categories.csv","2026-08-09"
"80258","Dishwashers","IN_MARKET","in_market","Home & Garden","Home Appliances","https://developers.google.com/static/google-ads/api/data/tables/in-market-categories.csv","2026-08-09"
"80259","Refrigerators","IN_MARKET","in_market","Home & Garden","Home Appliances","https://developers.google.com/static/google-ads/api/data/tables/in-market-categories.csv","2026-08-09"
"80260","Cooking Ranges & Stoves","IN_MARKET","in_market","Home & Garden","Home Appliances","https://developers.google.com/static/google-ads/api/data/tables/in-market-categories.csv","2026-08-09"
"80261","Vacuums","IN_MARKET","in_market","Home & Garden","Home Appliances","https://developers.google.com/static/google-ads/api/data/tables/in-market-categories.csv","2026-08-09"
"80262","Microwaves","IN_MARKET","in_market","Home & Garden","Home Appliances","https://developers.google.com/static/google-ads/api/data/tables/in-market-categories.csv","2026-08-09"
"80263","Lawn Mowers","IN_MARKET","in_market","Home & Garden","Outdoor Items","https://developers.google.com/static/google-ads/api/data/tables/in-market-categories.csv","2026-08-09"
"80264","BBQs & Grills","IN_MARKET","in_market","Home & Garden","Outdoor Items","https://developers.google.com/static/google-ads/api/data/tables/in-market-categories.csv","2026-08-09"
"80265","Small Appliances","IN_MARKET","in_market","Home & Garden","Home Appliances","https://developers.google.com/static/google-ads/api/data/tables/in-market-categories.csv","2026-08-09"
"80266","Kitchen & Bathroom Cabinets","IN_MARKET","in_market","Home & Garden","Home Improvement","https://developers.google.com/static/google-ads/api/data/tables/in-market-categories.csv","2026-08-09"
"80267","Kitchen & Bathroom Counters","IN_MARKET","in_market","Home & Garden","Home Improvement","https://developers.google.com/static/google-ads/api/data/tables/in-market-categories.csv","2026-08-09"
"80268","Flooring","IN_MARKET","in_market","Home & Garden","Home Improvement","https://developers.google.com/static/google-ads/api/data/tables/in-market-categories.csv","2026-08-09"
"80269","Plumbing Fixtures","IN_MARKET","in_market","Home & Garden","Home Improvement","https://developers.google.com/static/google-ads/api/data/tables/in-market-categories.csv","2026-08-09"
"80270","Paint","IN_MARKET","in_market","Home & Garden","Home Improvement","https://developers.google.com/static/google-ads/api/data/tables/in-market-categories.csv","2026-08-09"
"80271","Tools","IN_MARKET","in_market","Home & Garden","Home Improvement","https://developers.google.com/static/google-ads/api/data/tables/in-market-categories.csv","2026-08-09"
"80272","Juicers & Blenders","IN_MARKET","in_market","Home & Garden","Small Appliances","https://developers.google.com/static/google-ads/api/data/tables/in-market-categories.csv","2026-08-09"
"80273","Mixers","IN_MARKET","in_market","Home & Garden","Small Appliances","https://developers.google.com/static/google-ads/api/data/tables/in-market-categories.csv","2026-08-09"
"80274","Coffee & Espresso Makers","IN_MARKET","in_market","Home & Garden","Small Appliances","https://developers.google.com/static/google-ads/api/data/tables/in-market-categories.csv","2026-08-09"
"80275","Lights & Fixtures","IN_MARKET","in_market","Home & Garden","Home Decor","https://developers.google.com/static/google-ads/api/data/tables/in-market-categories.csv","2026-08-09"
"80276","Software","IN_MARKET","in_market","","","https://developers.google.com/static/google-ads/api/data/tables/in-market-categories.csv","2026-08-09"
"80277","Antivirus & Security Software","IN_MARKET","in_market","Software","Software","https://developers.google.com/static/google-ads/api/data/tables/in-market-categories.csv","2026-08-09"
"80278","Audio & Music Software","IN_MARKET","in_market","Software","Software","https://developers.google.com/static/google-ads/api/data/tables/in-market-categories.csv","2026-08-09"
"80279","Business & Productivity Software","IN_MARKET","in_market","Software","Software","https://developers.google.com/static/google-ads/api/data/tables/in-market-categories.csv","2026-08-09"
"80280","Design Software","IN_MARKET","in_market","Software","Software","https://developers.google.com/static/google-ads/api/data/tables/in-market-categories.csv","2026-08-09"
"80281","Accounting Software","IN_MARKET","in_market","Software","Software","https://developers.google.com/static/google-ads/api/data/tables/in-market-categories.csv","2026-08-09"
"80282","Video Editing & Production Software","IN_MARKET","in_market","Software","Software","https://developers.google.com/static/google-ads/api/data/tables/in-market-categories.csv","2026-08-09"
"80283","Drawing & Animation Software","IN_MARKET","in_market","Software","Design Software","https://developers.google.com/static/google-ads/api/data/tables/in-market-categories.csv","2026-08-09"
"80284","Photo Software","IN_MARKET","in_market","Software","Design Software","https://developers.google.com/static/google-ads/api/data/tables/in-market-categories.csv","2026-08-09"
"80285","Cosmetology Education & Training","IN_MARKET","in_market","Education","Post-Secondary Education","https://developers.google.com/static/google-ads/api/data/tables/in-market-categories.csv","2026-08-09"
"80286","Mobile Phones","IN_MARKET","in_market","Consumer Electronics","Consumer Electronics","https://developers.google.com/static/google-ads/api/data/tables/in-market-categories.csv","2026-08-09"
"80287","Travel","IN_MARKET","in_market","","","https://developers.google.com/static/google-ads/api/data/tables/in-market-categories.csv","2026-08-09"
"80288","Air Travel","IN_MARKET","in_market","Travel","Travel","https://developers.google.com/static/google-ads/api/data/tables/in-market-categories.csv","2026-08-09"
"80289","Car Rental","IN_MARKET","in_market","Travel","Travel","https://developers.google.com/static/google-ads/api/data/tables/in-market-categories.csv","2026-08-09"
"80290","Cruises","IN_MARKET","in_market","Travel","Travel","https://developers.google.com/static/google-ads/api/data/tables/in-market-categories.csv","2026-08-09"
"80291","Hotels & Accommodations","IN_MARKET","in_market","Travel","Travel","https://developers.google.com/static/google-ads/api/data/tables/in-market-categories.csv","2026-08-09"
"80296","Motor Vehicles by Price","IN_MARKET","in_market","Autos & Vehicles","Motor Vehicles","https://developers.google.com/static/google-ads/api/data/tables/in-market-categories.csv","2026-08-09"
"80297","$0 - $15k (Motor Vehicles)","IN_MARKET","in_market","Autos & Vehicles","Motor Vehicles by Price","https://developers.google.com/static/google-ads/api/data/tables/in-market-categories.csv","2026-08-09"
"80298","$15k - $25k (Motor Vehicles)","IN_MARKET","in_market","Autos & Vehicles","Motor Vehicles by Price","https://developers.google.com/static/google-ads/api/data/tables/in-market-categories.csv","2026-08-09"
"80299","$25k - $35k (Motor Vehicles)","IN_MARKET","in_market","Autos & Vehicles","Motor Vehicles by Price","https://developers.google.com/static/google-ads/api/data/tables/in-market-categories.csv","2026-08-09"
"80300","$35k - $50k (Motor Vehicles)","IN_MARKET","in_market","Autos & Vehicles","Motor Vehicles by Price","https://developers.google.com/static/google-ads/api/data/tables/in-market-categories.csv","2026-08-09"
"80301","$50k - $75k (Motor Vehicles)","IN_MARKET","in_market","Autos & Vehicles","Motor Vehicles by Price","https://developers.google.com/static/google-ads/api/data/tables/in-market-categories.csv","2026-08-09"
"80302","$75k and above (Motor Vehicles)","IN_MARKET","in_market","Autos & Vehicles","Motor Vehicles by Price","https://developers.google.com/static/google-ads/api/data/tables/in-market-categories.csv","2026-08-09"
"80303","Telecom","IN_MARKET","in_market","","","https://developers.google.com/static/google-ads/api/data/tables/in-market-categories.csv","2026-08-09"
"80304","Cable & Satellite TV Providers","IN_MARKET","in_market","Telecom","Telecom","https://developers.google.com/static/google-ads/api/data/tables/in-market-categories.csv","2026-08-09"
"80305","Internet Service Providers","IN_MARKET","in_market","Telecom","Telecom","https://developers.google.com/static/google-ads/api/data/tables/in-market-categories.csv","2026-08-09"
"80306","Mobile Phone Service Providers","IN_MARKET","in_market","Telecom","Telecom","https://developers.google.com/static/google-ads/api/data/tables/in-market-categories.csv","2026-08-09"
"80308","Baby & Children's Products","IN_MARKET","in_market","","","https://developers.google.com/static/google-ads/api/data/tables/in-market-categories.csv","2026-08-09"
"80309","Baby & Children's Apparel","IN_MARKET","in_market","Baby & Children's Products","Baby & Children's Products","https://developers.google.com/static/google-ads/api/data/tables/in-market-categories.csv","2026-08-09"
"80310","Diapers & Baby Hygiene Products","IN_MARKET","in_market","Baby & Children's Products","Baby & Children's Products","https://developers.google.com/static/google-ads/api/data/tables/in-market-categories.csv","2026-08-09"
"80311","Toys","IN_MARKET","in_market","Baby & Children's Products","Baby & Children's Products","https://developers.google.com/static/google-ads/api/data/tables/in-market-categories.csv","2026-08-09"
"80312","Child Car Seats","IN_MARKET","in_market","Baby & Children's Products","Baby & Children's Products","https://developers.google.com/static/google-ads/api/data/tables/in-market-categories.csv","2026-08-09"
"80313","Strollers & Baby Carriages","IN_MARKET","in_market","Baby & Children's Products","Baby & Children's Products","https://developers.google.com/static/google-ads/api/data/tables/in-market-categories.csv","2026-08-09"
"80314","Childcare & Education","IN_MARKET","in_market","Baby & Children's Products","Baby & Children's Products","https://developers.google.com/static/google-ads/api/data/tables/in-market-categories.csv","2026-08-09"
"80315","Infant & Toddler Feeding","IN_MARKET","in_market","Baby & Children's Products","Baby & Children's Products","https://developers.google.com/static/google-ads/api/data/tables/in-market-categories.csv","2026-08-09"
"80316","Baby & Toddler Apparel","IN_MARKET","in_market","Baby & Children's Products","Baby & Children's Apparel","https://developers.google.com/static/google-ads/api/data/tables/in-market-categories.csv","2026-08-09"
"80317","Children's Apparel","IN_MARKET","in_market","Baby & Children's Products","Baby & Children's Apparel","https://developers.google.com/static/google-ads/api/data/tables/in-market-categories.csv","2026-08-09"
"80318","Childcare","IN_MARKET","in_market","Baby & Children's Products","Childcare & Education","https://developers.google.com/static/google-ads/api/data/tables/in-market-categories.csv","2026-08-09"
"80319","Early Childhood Education","IN_MARKET","in_market","Baby & Children's Products","Childcare & Education","https://developers.google.com/static/google-ads/api/data/tables/in-market-categories.csv","2026-08-09"
"80320","Infant Feeding Supplies","IN_MARKET","in_market","Baby & Children's Products","Infant & Toddler Feeding","https://developers.google.com/static/google-ads/api/data/tables/in-market-categories.csv","2026-08-09"
"80321","Toddler Meals","IN_MARKET","in_market","Baby & Children's Products","Infant & Toddler Feeding","https://developers.google.com/static/google-ads/api/data/tables/in-market-categories.csv","2026-08-09"
"80323","Atlanta (Air Travel Destination)","IN_MARKET","in_market","Travel","Trips to Atlanta","https://developers.google.com/static/google-ads/api/data/tables/in-market-categories.csv","2026-08-09"
"80324","Austin (Air Travel Destination)","IN_MARKET","in_market","Travel","Trips to Austin","https://developers.google.com/static/google-ads/api/data/tables/in-market-categories.csv","2026-08-09"
"80325","Beijing (Air Travel Destination)","IN_MARKET","in_market","Travel","Trips to Beijing","https://developers.google.com/static/google-ads/api/data/tables/in-market-categories.csv","2026-08-09"
"80326","Boston (Air Travel Destination)","IN_MARKET","in_market","Travel","Trips to Boston","https://developers.google.com/static/google-ads/api/data/tables/in-market-categories.csv","2026-08-09"
"80327","Caribbean (Air Travel Destination)","IN_MARKET","in_market","Travel","Trips to the Caribbean","https://developers.google.com/static/google-ads/api/data/tables/in-market-categories.csv","2026-08-09"
"80328","Chicago (Air Travel Destination)","IN_MARKET","in_market","Travel","Trips to Chicago","https://developers.google.com/static/google-ads/api/data/tables/in-market-categories.csv","2026-08-09"
"80329","Dallas-Fort Worth (Air Travel Destination)","IN_MARKET","in_market","Travel","Trips to Dallas-Fort Worth","https://developers.google.com/static/google-ads/api/data/tables/in-market-categories.csv","2026-08-09"
"80330","Denver (Air Travel Destination)","IN_MARKET","in_market","Travel","Trips to Denver","https://developers.google.com/static/google-ads/api/data/tables/in-market-categories.csv","2026-08-09"
"80331","Detroit (Air Travel Destination)","IN_MARKET","in_market","Travel","Trips to Detroit","https://developers.google.com/static/google-ads/api/data/tables/in-market-categories.csv","2026-08-09"
"80332","Fort Lauderdale (Air Travel Destination)","IN_MARKET","in_market","Travel","Trips to Fort Lauderdale","https://developers.google.com/static/google-ads/api/data/tables/in-market-categories.csv","2026-08-09"
"80333","Hawaii (Air Travel Destination)","IN_MARKET","in_market","Travel","Trips to Hawaii","https://developers.google.com/static/google-ads/api/data/tables/in-market-categories.csv","2026-08-09"
"80334","Houston (Air Travel Destination)","IN_MARKET","in_market","Travel","Trips to Houston","https://developers.google.com/static/google-ads/api/data/tables/in-market-categories.csv","2026-08-09"
"80335","Las Vegas (Air Travel Destination)","IN_MARKET","in_market","Travel","Trips to Las Vegas","https://developers.google.com/static/google-ads/api/data/tables/in-market-categories.csv","2026-08-09"
"80336","London, UK (Air Travel Destination)","IN_MARKET","in_market","Travel","Trips to London, UK","https://developers.google.com/static/google-ads/api/data/tables/in-market-categories.csv","2026-08-09"
"80337","Los Angeles (Air Travel Destination)","IN_MARKET","in_market","Travel","Trips to Los Angeles","https://developers.google.com/static/google-ads/api/data/tables/in-market-categories.csv","2026-08-09"
"80338","Miami (Air Travel Destination)","IN_MARKET","in_market","Travel","Trips to Miami","https://developers.google.com/static/google-ads/api/data/tables/in-market-categories.csv","2026-08-09"
"80339","Minneapolis-Saint Paul (Air Travel Destination)","IN_MARKET","in_market","Travel","Trips to Minneapolis-Saint Paul","https://developers.google.com/static/google-ads/api/data/tables/in-market-categories.csv","2026-08-09"
"80340","Nashville (Air Travel Destination)","IN_MARKET","in_market","Travel","Trips to Nashville","https://developers.google.com/static/google-ads/api/data/tables/in-market-categories.csv","2026-08-09"
"80341","New Orleans (Air Travel Destination)","IN_MARKET","in_market","Travel","Trips to New Orleans","https://developers.google.com/static/google-ads/api/data/tables/in-market-categories.csv","2026-08-09"
"80342","New York City (Air Travel Destination)","IN_MARKET","in_market","Travel","Trips to New York City","https://developers.google.com/static/google-ads/api/data/tables/in-market-categories.csv","2026-08-09"
"80343","Orlando (Air Travel Destination)","IN_MARKET","in_market","Travel","Trips to Orlando","https://developers.google.com/static/google-ads/api/data/tables/in-market-categories.csv","2026-08-09"
"80344","Paris (Air Travel Destination)","IN_MARKET","in_market","Travel","Trips to Paris","https://developers.google.com/static/google-ads/api/data/tables/in-market-categories.csv","2026-08-09"
"80345","Philadelphia (Air Travel Destination)","IN_MARKET","in_market","Travel","Trips to Philadelphia","https://developers.google.com/static/google-ads/api/data/tables/in-market-categories.csv","2026-08-09"
"80346","Phoenix (Air Travel Destination)","IN_MARKET","in_market","Travel","Trips to Phoenix","https://developers.google.com/static/google-ads/api/data/tables/in-market-categories.csv","2026-08-09"
"80347","Portland, OR (Air Travel Destination)","IN_MARKET","in_market","Travel","Trips to Portland, OR","https://developers.google.com/static/google-ads/api/data/tables/in-market-categories.csv","2026-08-09"
"80348","Rome (Air Travel Destination)","IN_MARKET","in_market","Travel","Trips to Rome","https://developers.google.com/static/google-ads/api/data/tables/in-market-categories.csv","2026-08-09"
"80349","Salt Lake City (Air Travel Destination)","IN_MARKET","in_market","Travel","Trips to Salt Lake City","https://developers.google.com/static/google-ads/api/data/tables/in-market-categories.csv","2026-08-09"
"80350","San Diego (Air Travel Destination)","IN_MARKET","in_market","Travel","Trips to San Diego","https://developers.google.com/static/google-ads/api/data/tables/in-market-categories.csv","2026-08-09"
"80351","San Francisco Bay Area (Air Travel Destination)","IN_MARKET","in_market","Travel","Trips to San Francisco Bay Area","https://developers.google.com/static/google-ads/api/data/tables/in-market-categories.csv","2026-08-09"
"80352","Seattle (Air Travel Destination)","IN_MARKET","in_market","Travel","Trips to Seattle","https://developers.google.com/static/google-ads/api/data/tables/in-market-categories.csv","2026-08-09"
"80353","Shanghai (Air Travel Destination)","IN_MARKET","in_market","Travel","Trips to Shanghai","https://developers.google.com/static/google-ads/api/data/tables/in-market-categories.csv","2026-08-09"
"80354","Tokyo (Air Travel Destination)","IN_MARKET","in_market","Travel","Trips to Tokyo","https://developers.google.com/static/google-ads/api/data/tables/in-market-categories.csv","2026-08-09"
"80355","Toronto (Air Travel Destination)","IN_MARKET","in_market","Travel","Trips to Toronto","https://developers.google.com/static/google-ads/api/data/tables/in-market-categories.csv","2026-08-09"
"80356","Vancouver (Air Travel Destination)","IN_MARKET","in_market","Travel","Trips to Vancouver","https://developers.google.com/static/google-ads/api/data/tables/in-market-categories.csv","2026-08-09"
"80357","Washington, D.C. (Air Travel Destination)","IN_MARKET","in_market","Travel","Trips to Washington, D.C.","https://developers.google.com/static/google-ads/api/data/tables/in-market-categories.csv","2026-08-09"
"80358","Atlanta (Hotel Location)","IN_MARKET","in_market","Travel","Trips to Atlanta","https://developers.google.com/static/google-ads/api/data/tables/in-market-categories.csv","2026-08-09"
"80359","Austin (Hotel Location)","IN_MARKET","in_market","Travel","Trips to Austin","https://developers.google.com/static/google-ads/api/data/tables/in-market-categories.csv","2026-08-09"
"80360","Beijing (Hotel Location)","IN_MARKET","in_market","Travel","Trips to Beijing","https://developers.google.com/static/google-ads/api/data/tables/in-market-categories.csv","2026-08-09"
"80361","Boston (Hotel Location)","IN_MARKET","in_market","Travel","Trips to Boston","https://developers.google.com/static/google-ads/api/data/tables/in-market-categories.csv","2026-08-09"
"80362","Caribbean (Hotel Location)","IN_MARKET","in_market","Travel","Trips to the Caribbean","https://developers.google.com/static/google-ads/api/data/tables/in-market-categories.csv","2026-08-09"
"80363","Chicago (Hotel Location)","IN_MARKET","in_market","Travel","Trips to Chicago","https://developers.google.com/static/google-ads/api/data/tables/in-market-categories.csv","2026-08-09"
"80364","Dallas-Fort Worth (Hotel Location)","IN_MARKET","in_market","Travel","Trips to Dallas-Fort Worth","https://developers.google.com/static/google-ads/api/data/tables/in-market-categories.csv","2026-08-09"
"80365","Denver (Hotel Location)","IN_MARKET","in_market","Travel","Trips to Denver","https://developers.google.com/static/google-ads/api/data/tables/in-market-categories.csv","2026-08-09"
"80366","Detroit (Hotel Location)","IN_MARKET","in_market","Travel","Trips to Detroit","https://developers.google.com/static/google-ads/api/data/tables/in-market-categories.csv","2026-08-09"
"80367","Fort Lauderdale (Hotel Location)","IN_MARKET","in_market","Travel","Trips to Fort Lauderdale","https://developers.google.com/static/google-ads/api/data/tables/in-market-categories.csv","2026-08-09"
"80368","Hawaii (Hotel Location)","IN_MARKET","in_market","Travel","Trips to Hawaii","https://developers.google.com/static/google-ads/api/data/tables/in-market-categories.csv","2026-08-09"
"80369","Houston (Hotel Location)","IN_MARKET","in_market","Travel","Trips to Houston","https://developers.google.com/static/google-ads/api/data/tables/in-market-categories.csv","2026-08-09"
"80370","Las Vegas (Hotel Location)","IN_MARKET","in_market","Travel","Trips to Las Vegas","https://developers.google.com/static/google-ads/api/data/tables/in-market-categories.csv","2026-08-09"
"80371","London, UK (Hotel Location)","IN_MARKET","in_market","Travel","Trips to London, UK","https://developers.google.com/static/google-ads/api/data/tables/in-market-categories.csv","2026-08-09"
"80372","Los Angeles (Hotel Location)","IN_MARKET","in_market","Travel","Trips to Los Angeles","https://developers.google.com/static/google-ads/api/data/tables/in-market-categories.csv","2026-08-09"
"80373","Miami (Hotel Location)","IN_MARKET","in_market","Travel","Trips to Miami","https://developers.google.com/static/google-ads/api/data/tables/in-market-categories.csv","2026-08-09"
"80374","Minneapolis-Saint Paul (Hotel Location)","IN_MARKET","in_market","Travel","Trips to Minneapolis-Saint Paul","https://developers.google.com/static/google-ads/api/data/tables/in-market-categories.csv","2026-08-09"
"80375","Nashville (Hotel Location)","IN_MARKET","in_market","Travel","Trips to Nashville","https://developers.google.com/static/google-ads/api/data/tables/in-market-categories.csv","2026-08-09"
"80376","New Orleans (Hotel Location)","IN_MARKET","in_market","Travel","Trips to New Orleans","https://developers.google.com/static/google-ads/api/data/tables/in-market-categories.csv","2026-08-09"
"80377","New York City (Hotel Location)","IN_MARKET","in_market","Travel","Trips to New York City","https://developers.google.com/static/google-ads/api/data/tables/in-market-categories.csv","2026-08-09"
"80378","Orlando (Hotel Location)","IN_MARKET","in_market","Travel","Trips to Orlando","https://developers.google.com/static/google-ads/api/data/tables/in-market-categories.csv","2026-08-09"
"80379","Paris (Hotel Location)","IN_MARKET","in_market","Travel","Trips to Paris","https://developers.google.com/static/google-ads/api/data/tables/in-market-categories.csv","2026-08-09"
"80380","Philadelphia (Hotel Location)","IN_MARKET","in_market","Travel","Trips to Philadelphia","https://developers.google.com/static/google-ads/api/data/tables/in-market-categories.csv","2026-08-09"
"80381","Phoenix (Hotel Location)","IN_MARKET","in_market","Travel","Trips to Phoenix","https://developers.google.com/static/google-ads/api/data/tables/in-market-categories.csv","2026-08-09"
"80382","Portland, OR (Hotel Location)","IN_MARKET","in_market","Travel","Trips to Portland, OR","https://developers.google.com/static/google-ads/api/data/tables/in-market-categories.csv","2026-08-09"
"80383","Rome (Hotel Location)","IN_MARKET","in_market","Travel","Trips to Rome","https://developers.google.com/static/google-ads/api/data/tables/in-market-categories.csv","2026-08-09"
"80384","Salt Lake City (Hotel Location)","IN_MARKET","in_market","Travel","Trips to Salt Lake City","https://developers.google.com/static/google-ads/api/data/tables/in-market-categories.csv","2026-08-09"
"80385","San Diego (Hotel Location)","IN_MARKET","in_market","Travel","Trips to San Diego","https://developers.google.com/static/google-ads/api/data/tables/in-market-categories.csv","2026-08-09"
"80386","San Francisco Bay Area (Hotel Location)","IN_MARKET","in_market","Travel","Trips to San Francisco Bay Area","https://developers.google.com/static/google-ads/api/data/tables/in-market-categories.csv","2026-08-09"
"80387","Seattle (Hotel Location)","IN_MARKET","in_market","Travel","Trips to Seattle","https://developers.google.com/static/google-ads/api/data/tables/in-market-categories.csv","2026-08-09"
"80388","Shanghai (Hotel Location)","IN_MARKET","in_market","Travel","Trips to Shanghai","https://developers.google.com/static/google-ads/api/data/tables/in-market-categories.csv","2026-08-09"
"80389","Tokyo (Hotel Location)","IN_MARKET","in_market","Travel","Trips to Tokyo","https://developers.google.com/static/google-ads/api/data/tables/in-market-categories.csv","2026-08-09"
"80390","Toronto (Hotel Location)","IN_MARKET","in_market","Travel","Trips to Toronto","https://developers.google.com/static/google-ads/api/data/tables/in-market-categories.csv","2026-08-09"
"80391","Vancouver (Hotel Location)","IN_MARKET","in_market","Travel","Trips to Vancouver","https://developers.google.com/static/google-ads/api/data/tables/in-market-categories.csv","2026-08-09"
"80392","Washington, D.C. (Hotel Location)","IN_MARKET","in_market","Travel","Trips to Washington, D.C.","https://developers.google.com/static/google-ads/api/data/tables/in-market-categories.csv","2026-08-09"
"80393","Air Travel by Class","IN_MARKET","in_market","Travel","Air Travel","https://developers.google.com/static/google-ads/api/data/tables/in-market-categories.csv","2026-08-09"
"80394","Air Travel by Destination","IN_MARKET","in_market","Travel","Air Travel","https://developers.google.com/static/google-ads/api/data/tables/in-market-categories.csv","2026-08-09"
"80395","Hotels by Location","IN_MARKET","in_market","Travel","Hotels & Accommodations","https://developers.google.com/static/google-ads/api/data/tables/in-market-categories.csv","2026-08-09"
"80396","Hotels by Star Rating","IN_MARKET","in_market","Travel","Hotels & Accommodations","https://developers.google.com/static/google-ads/api/data/tables/in-market-categories.csv","2026-08-09"
"80397","Business & First Class","IN_MARKET","in_market","Travel","Air Travel by Class","https://developers.google.com/static/google-ads/api/data/tables/in-market-categories.csv","2026-08-09"
"80398","Economy Class","IN_MARKET","in_market","Travel","Air Travel by Class","https://developers.google.com/static/google-ads/api/data/tables/in-market-categories.csv","2026-08-09"
"80399","1 & 2 Star Hotels","IN_MARKET","in_market","Travel","Hotels by Star Rating","https://developers.google.com/static/google-ads/api/data/tables/in-market-categories.csv","2026-08-09"
"80400","3 Star Hotels","IN_MARKET","in_market","Travel","Hotels by Star Rating","https://developers.google.com/static/google-ads/api/data/tables/in-market-categories.csv","2026-08-09"
"80401","4 Star Hotels","IN_MARKET","in_market","Travel","Hotels by Star Rating","https://developers.google.com/static/google-ads/api/data/tables/in-market-categories.csv","2026-08-09"
"80402","5 Star Hotels","IN_MARKET","in_market","Travel","Hotels by Star Rating","https://developers.google.com/static/google-ads/api/data/tables/in-market-categories.csv","2026-08-09"
"80403","Moving & Relocation","IN_MARKET","in_market","Real Estate","Real Estate","https://developers.google.com/static/google-ads/api/data/tables/in-market-categories.csv","2026-08-09"
"80404","Wedding Planning","IN_MARKET","in_market","Gifts & Occasions","Gifts & Occasions","https://developers.google.com/static/google-ads/api/data/tables/in-market-categories.csv","2026-08-09"
"80405","Economy, Compact & Mid-size Car Rental","IN_MARKET","in_market","Travel","Car Rental","https://developers.google.com/static/google-ads/api/data/tables/in-market-categories.csv","2026-08-09"
"80406","Full-size & Standard Car Rental","IN_MARKET","in_market","Travel","Car Rental","https://developers.google.com/static/google-ads/api/data/tables/in-market-categories.csv","2026-08-09"
"80407","Luxury, Convertible & Specialty Car Rental","IN_MARKET","in_market","Travel","Car Rental","https://developers.google.com/static/google-ads/api/data/tables/in-market-categories.csv","2026-08-09"
"80408","Minivan & SUV Rental","IN_MARKET","in_market","Travel","Car Rental","https://developers.google.com/static/google-ads/api/data/tables/in-market-categories.csv","2026-08-09"
"80409","Savings Accounts","IN_MARKET","in_market","Financial Services","Banking Services","https://developers.google.com/static/google-ads/api/data/tables/in-market-categories.csv","2026-08-09"
"80410","Credit Reports & Monitoring Services","IN_MARKET","in_market","Financial Services","Credit & Lending","https://developers.google.com/static/google-ads/api/data/tables/in-market-categories.csv","2026-08-09"
"80411","Home Equity Loans","IN_MARKET","in_market","Financial Services","Mortgage","https://developers.google.com/static/google-ads/api/data/tables/in-market-categories.csv","2026-08-09"
"80412","Employment","IN_MARKET","in_market","","","https://developers.google.com/static/google-ads/api/data/tables/in-market-categories.csv","2026-08-09"
"80413","Accounting & Finance Jobs","IN_MARKET","in_market","Employment","Employment","https://developers.google.com/static/google-ads/api/data/tables/in-market-categories.csv","2026-08-09"
"80414","Clerical & Administrative Jobs","IN_MARKET","in_market","Employment","Employment","https://developers.google.com/static/google-ads/api/data/tables/in-market-categories.csv","2026-08-09"
"80415","Education Jobs","IN_MARKET","in_market","Employment","Employment","https://developers.google.com/static/google-ads/api/data/tables/in-market-categories.csv","2026-08-09"
"80416","Executive & Management Jobs","IN_MARKET","in_market","Employment","Employment","https://developers.google.com/static/google-ads/api/data/tables/in-market-categories.csv","2026-08-09"
"80417","Government & Public Sector Jobs","IN_MARKET","in_market","Employment","Employment","https://developers.google.com/static/google-ads/api/data/tables/in-market-categories.csv","2026-08-09"
"80418","Health & Medical Jobs","IN_MARKET","in_market","Employment","Employment","https://developers.google.com/static/google-ads/api/data/tables/in-market-categories.csv","2026-08-09"
"80419","IT & Technical Jobs","IN_MARKET","in_market","Employment","Employment","https://developers.google.com/static/google-ads/api/data/tables/in-market-categories.csv","2026-08-09"
"80420","Legal Jobs","IN_MARKET","in_market","Employment","Employment","https://developers.google.com/static/google-ads/api/data/tables/in-market-categories.csv","2026-08-09"
"80421","Retail Jobs","IN_MARKET","in_market","Employment","Employment","https://developers.google.com/static/google-ads/api/data/tables/in-market-categories.csv","2026-08-09"
"80422","Sales & Marketing Jobs","IN_MARKET","in_market","Employment","Employment","https://developers.google.com/static/google-ads/api/data/tables/in-market-categories.csv","2026-08-09"
"80423","Temporary & Seasonal Jobs","IN_MARKET","in_market","Employment","Employment","https://developers.google.com/static/google-ads/api/data/tables/in-market-categories.csv","2026-08-09"
"80424","Internships","IN_MARKET","in_market","Employment","Employment","https://developers.google.com/static/google-ads/api/data/tables/in-market-categories.csv","2026-08-09"
"80425","Career Consulting Services","IN_MARKET","in_market","Employment","Employment","https://developers.google.com/static/google-ads/api/data/tables/in-market-categories.csv","2026-08-09"
"80426","Resumes & Portfolios","IN_MARKET","in_market","Employment","Employment","https://developers.google.com/static/google-ads/api/data/tables/in-market-categories.csv","2026-08-09"
"80428","Apparel & Accessories","IN_MARKET","in_market","","","https://developers.google.com/static/google-ads/api/data/tables/in-market-categories.csv","2026-08-09"
"80429","Activewear","IN_MARKET","in_market","Apparel & Accessories","Apparel & Accessories","https://developers.google.com/static/google-ads/api/data/tables/in-market-categories.csv","2026-08-09"
"80430","Costumes","IN_MARKET","in_market","Apparel & Accessories","Apparel & Accessories","https://developers.google.com/static/google-ads/api/data/tables/in-market-categories.csv","2026-08-09"
"80431","Formal Wear","IN_MARKET","in_market","Apparel & Accessories","Apparel & Accessories","https://developers.google.com/static/google-ads/api/data/tables/in-market-categories.csv","2026-08-09"
"80432","Handbags","IN_MARKET","in_market","Apparel & Accessories","Apparel & Accessories","https://developers.google.com/static/google-ads/api/data/tables/in-market-categories.csv","2026-08-09"
"80433","Jewelry & Watches","IN_MARKET","in_market","Apparel & Accessories","Apparel & Accessories","https://developers.google.com/static/google-ads/api/data/tables/in-market-categories.csv","2026-08-09"
"80434","Lingerie","IN_MARKET","in_market","Apparel & Accessories","Apparel & Accessories","https://developers.google.com/static/google-ads/api/data/tables/in-market-categories.csv","2026-08-09"
"80435","Luggage","IN_MARKET","in_market","Apparel & Accessories","Apparel & Accessories","https://developers.google.com/static/google-ads/api/data/tables/in-market-categories.csv","2026-08-09"
"80436","Men's Apparel","IN_MARKET","in_market","Apparel & Accessories","Apparel & Accessories","https://developers.google.com/static/google-ads/api/data/tables/in-market-categories.csv","2026-08-09"
"80437","Perfumes & Fragrances","IN_MARKET","in_market","Beauty & Personal Care","Beauty & Personal Care","https://developers.google.com/static/google-ads/api/data/tables/in-market-categories.csv","2026-08-09"
"80438","Outerwear","IN_MARKET","in_market","Apparel & Accessories","Apparel & Accessories","https://developers.google.com/static/google-ads/api/data/tables/in-market-categories.csv","2026-08-09"
"80439","Shoes","IN_MARKET","in_market","Apparel & Accessories","Apparel & Accessories","https://developers.google.com/static/google-ads/api/data/tables/in-market-categories.csv","2026-08-09"
"80440","Swimwear","IN_MARKET","in_market","Apparel & Accessories","Apparel & Accessories","https://developers.google.com/static/google-ads/api/data/tables/in-market-categories.csv","2026-08-09"
"80441","Wallets, Briefcases & Leather Goods","IN_MARKET","in_market","Apparel & Accessories","Apparel & Accessories","https://developers.google.com/static/google-ads/api/data/tables/in-market-categories.csv","2026-08-09"
"80442","Women's Apparel","IN_MARKET","in_market","Apparel & Accessories","Apparel & Accessories","https://developers.google.com/static/google-ads/api/data/tables/in-market-categories.csv","2026-08-09"
"80443","Bridal Wear","IN_MARKET","in_market","Apparel & Accessories","Formal Wear","https://developers.google.com/static/google-ads/api/data/tables/in-market-categories.csv","2026-08-09"
"80444","Suits & Business Attire","IN_MARKET","in_market","Apparel & Accessories","Formal Wear","https://developers.google.com/static/google-ads/api/data/tables/in-market-categories.csv","2026-08-09"
"80445","Fine Jewelry","IN_MARKET","in_market","Apparel & Accessories","Jewelry & Watches","https://developers.google.com/static/google-ads/api/data/tables/in-market-categories.csv","2026-08-09"
"80446","Wedding & Engagement Rings","IN_MARKET","in_market","Apparel & Accessories","Jewelry & Watches","https://developers.google.com/static/google-ads/api/data/tables/in-market-categories.csv","2026-08-09"
"80447","Watches","IN_MARKET","in_market","Apparel & Accessories","Jewelry & Watches","https://developers.google.com/static/google-ads/api/data/tables/in-market-categories.csv","2026-08-09"
"80448","Athletic Shoes","IN_MARKET","in_market","Apparel & Accessories","Shoes","https://developers.google.com/static/google-ads/api/data/tables/in-market-categories.csv","2026-08-09"
"80449","Boots","IN_MARKET","in_market","Apparel & Accessories","Shoes","https://developers.google.com/static/google-ads/api/data/tables/in-market-categories.csv","2026-08-09"
"80450","Dress Shoes","IN_MARKET","in_market","Apparel & Accessories","Shoes","https://developers.google.com/static/google-ads/api/data/tables/in-market-categories.csv","2026-08-09"
"80451","Tampa Bay Area (Air Travel Destination)","IN_MARKET","in_market","Travel","Trips to Tampa Bay Area","https://developers.google.com/static/google-ads/api/data/tables/in-market-categories.csv","2026-08-09"
"80452","Charlotte (Air Travel Destination)","IN_MARKET","in_market","Travel","Trips to Charlotte","https://developers.google.com/static/google-ads/api/data/tables/in-market-categories.csv","2026-08-09"
"80453","San Antonio (Air Travel Destination)","IN_MARKET","in_market","Travel","Trips to San Antonio","https://developers.google.com/static/google-ads/api/data/tables/in-market-categories.csv","2026-08-09"
"80454","St. Louis (Air Travel Destination)","IN_MARKET","in_market","Travel","Trips to St. Louis","https://developers.google.com/static/google-ads/api/data/tables/in-market-categories.csv","2026-08-09"
"80455","Orange County, CA (Air Travel Destination)","IN_MARKET","in_market","Travel","Trips to Orange County, CA","https://developers.google.com/static/google-ads/api/data/tables/in-market-categories.csv","2026-08-09"
"80456","Mexico (Air Travel Destination)","IN_MARKET","in_market","Travel","Trips to Mexico","https://developers.google.com/static/google-ads/api/data/tables/in-market-categories.csv","2026-08-09"
"80457","Tampa Bay Area (Hotel Location)","IN_MARKET","in_market","Travel","Trips to Tampa Bay Area","https://developers.google.com/static/google-ads/api/data/tables/in-market-categories.csv","2026-08-09"
"80458","Charlotte (Hotel Location)","IN_MARKET","in_market","Travel","Trips to Charlotte","https://developers.google.com/static/google-ads/api/data/tables/in-market-categories.csv","2026-08-09"
"80459","San Antonio (Hotel Location)","IN_MARKET","in_market","Travel","Trips to San Antonio","https://developers.google.com/static/google-ads/api/data/tables/in-market-categories.csv","2026-08-09"
"80460","St. Louis (Hotel Location)","IN_MARKET","in_market","Travel","Trips to St. Louis","https://developers.google.com/static/google-ads/api/data/tables/in-market-categories.csv","2026-08-09"
"80461","Orange County, CA (Hotel Location)","IN_MARKET","in_market","Travel","Trips to Orange County, CA","https://developers.google.com/static/google-ads/api/data/tables/in-market-categories.csv","2026-08-09"
"80462","Mexico (Hotel Location)","IN_MARKET","in_market","Travel","Trips to Mexico","https://developers.google.com/static/google-ads/api/data/tables/in-market-categories.csv","2026-08-09"
"80463","Business Services","IN_MARKET","in_market","","","https://developers.google.com/static/google-ads/api/data/tables/in-market-categories.csv","2026-08-09"
"80464","Gifts & Occasions","IN_MARKET","in_market","","","https://developers.google.com/static/google-ads/api/data/tables/in-market-categories.csv","2026-08-09"
"80465","Vacation Rentals","IN_MARKET","in_market","Travel","Hotels & Accommodations","https://developers.google.com/static/google-ads/api/data/tables/in-market-categories.csv","2026-08-09"
"80466","Myrtle Beach & Grand Strand (Hotel Location)","IN_MARKET","in_market","Travel","Trips to Myrtle Beach & Grand Strand","https://developers.google.com/static/google-ads/api/data/tables/in-market-categories.csv","2026-08-09"
"80467","Myrtle Beach & Grand Strand (Air Travel Destination)","IN_MARKET","in_market","Travel","Trips to Myrtle Beach & Grand Strand","https://developers.google.com/static/google-ads/api/data/tables/in-market-categories.csv","2026-08-09"
"80468","Auto Parts & Accessories","IN_MARKET","in_market","Autos & Vehicles","Autos & Vehicles","https://developers.google.com/static/google-ads/api/data/tables/in-market-categories.csv","2026-08-09"
"80469","Auto Repair & Maintenance","IN_MARKET","in_market","Autos & Vehicles","Autos & Vehicles","https://developers.google.com/static/google-ads/api/data/tables/in-market-categories.csv","2026-08-09"
"80470","Auto Exterior Parts & Accessories","IN_MARKET","in_market","Autos & Vehicles","Auto Parts & Accessories","https://developers.google.com/static/google-ads/api/data/tables/in-market-categories.csv","2026-08-09"
"80471","Auto Interior Parts & Accessories","IN_MARKET","in_market","Autos & Vehicles","Auto Parts & Accessories","https://developers.google.com/static/google-ads/api/data/tables/in-market-categories.csv","2026-08-09"
"80472","Automotive Electronic Components","IN_MARKET","in_market","Autos & Vehicles","Auto Parts & Accessories","https://developers.google.com/static/google-ads/api/data/tables/in-market-categories.csv","2026-08-09"
"80473","Car Batteries","IN_MARKET","in_market","Autos & Vehicles","Auto Parts & Accessories","https://developers.google.com/static/google-ads/api/data/tables/in-market-categories.csv","2026-08-09"
"80474","Car Brakes","IN_MARKET","in_market","Autos & Vehicles","Auto Parts & Accessories","https://developers.google.com/static/google-ads/api/data/tables/in-market-categories.csv","2026-08-09"
"80475","Engine & Transmission","IN_MARKET","in_market","Autos & Vehicles","Auto Parts & Accessories","https://developers.google.com/static/google-ads/api/data/tables/in-market-categories.csv","2026-08-09"
"80476","High Performance & Aftermarket Auto Parts","IN_MARKET","in_market","Autos & Vehicles","Auto Parts & Accessories","https://developers.google.com/static/google-ads/api/data/tables/in-market-categories.csv","2026-08-09"
"80477","Wheels & Tires","IN_MARKET","in_market","Autos & Vehicles","Auto Parts & Accessories","https://developers.google.com/static/google-ads/api/data/tables/in-market-categories.csv","2026-08-09"
"80478","Glass Repair & Replacement","IN_MARKET","in_market","Autos & Vehicles","Auto Repair & Maintenance","https://developers.google.com/static/google-ads/api/data/tables/in-market-categories.csv","2026-08-09"
"80479","Brake Service & Repair","IN_MARKET","in_market","Autos & Vehicles","Auto Repair & Maintenance","https://developers.google.com/static/google-ads/api/data/tables/in-market-categories.csv","2026-08-09"
"80480","Collision & Auto Body Repair","IN_MARKET","in_market","Autos & Vehicles","Auto Repair & Maintenance","https://developers.google.com/static/google-ads/api/data/tables/in-market-categories.csv","2026-08-09"
"80481","Oil Changes","IN_MARKET","in_market","Autos & Vehicles","Auto Repair & Maintenance","https://developers.google.com/static/google-ads/api/data/tables/in-market-categories.csv","2026-08-09"
"80482","Transmission Repair","IN_MARKET","in_market","Autos & Vehicles","Auto Repair & Maintenance","https://developers.google.com/static/google-ads/api/data/tables/in-market-categories.csv","2026-08-09"
"80483","Home & Garden Services","IN_MARKET","in_market","Home & Garden","Home & Garden","https://developers.google.com/static/google-ads/api/data/tables/in-market-categories.csv","2026-08-09"
"80484","Architectural Services","IN_MARKET","in_market","Home & Garden","Home & Garden Services","https://developers.google.com/static/google-ads/api/data/tables/in-market-categories.csv","2026-08-09"
"80485","Carpet Installation","IN_MARKET","in_market","Home & Garden","Home & Garden Services","https://developers.google.com/static/google-ads/api/data/tables/in-market-categories.csv","2026-08-09"
"80486","Door & Window Installation","IN_MARKET","in_market","Home & Garden","Home & Garden Services","https://developers.google.com/static/google-ads/api/data/tables/in-market-categories.csv","2026-08-09"
"80487","Electrician Services","IN_MARKET","in_market","Home & Garden","Home & Garden Services","https://developers.google.com/static/google-ads/api/data/tables/in-market-categories.csv","2026-08-09"
"80488","Flooring Services","IN_MARKET","in_market","Home & Garden","Home & Garden Services","https://developers.google.com/static/google-ads/api/data/tables/in-market-categories.csv","2026-08-09"
"80489","Foundation Repair","IN_MARKET","in_market","Home & Garden","Home & Garden Services","https://developers.google.com/static/google-ads/api/data/tables/in-market-categories.csv","2026-08-09"
"80490","General Contracting & Remodeling Services","IN_MARKET","in_market","Home & Garden","Home & Garden Services","https://developers.google.com/static/google-ads/api/data/tables/in-market-categories.csv","2026-08-09"
"80491","Home Cleaning Services","IN_MARKET","in_market","Home & Garden","Home & Garden Services","https://developers.google.com/static/google-ads/api/data/tables/in-market-categories.csv","2026-08-09"
"80492","Home Inspection Services","IN_MARKET","in_market","Home & Garden","Home & Garden Services","https://developers.google.com/static/google-ads/api/data/tables/in-market-categories.csv","2026-08-09"
"80493","Interior Design & Decorating Services","IN_MARKET","in_market","Home & Garden","Home & Garden Services","https://developers.google.com/static/google-ads/api/data/tables/in-market-categories.csv","2026-08-09"
"80494","Landscape Design","IN_MARKET","in_market","Home & Garden","Home & Garden Services","https://developers.google.com/static/google-ads/api/data/tables/in-market-categories.csv","2026-08-09"
"80495","Lawn & Garden Maintenance","IN_MARKET","in_market","Home & Garden","Home & Garden Services","https://developers.google.com/static/google-ads/api/data/tables/in-market-categories.csv","2026-08-09"
"80496","Locksmith Services","IN_MARKET","in_market","Home & Garden","Home & Garden Services","https://developers.google.com/static/google-ads/api/data/tables/in-market-categories.csv","2026-08-09"
"80497","Painting Services","IN_MARKET","in_market","Home & Garden","Home & Garden Services","https://developers.google.com/static/google-ads/api/data/tables/in-market-categories.csv","2026-08-09"
"80498","Pest Control Services","IN_MARKET","in_market","Home & Garden","Home & Garden Services","https://developers.google.com/static/google-ads/api/data/tables/in-market-categories.csv","2026-08-09"
"80499","Plumbing Services","IN_MARKET","in_market","Home & Garden","Home & Garden Services","https://developers.google.com/static/google-ads/api/data/tables/in-market-categories.csv","2026-08-09"
"80500","Roofing Services","IN_MARKET","in_market","Home & Garden","Home & Garden Services","https://developers.google.com/static/google-ads/api/data/tables/in-market-categories.csv","2026-08-09"
"80501","Outdoor Items","IN_MARKET","in_market","Home & Garden","Home & Garden","https://developers.google.com/static/google-ads/api/data/tables/in-market-categories.csv","2026-08-09"
"80502","Home Storage & Shelving","IN_MARKET","in_market","Home & Garden","Home Furnishings","https://developers.google.com/static/google-ads/api/data/tables/in-market-categories.csv","2026-08-09"
"80503","Holiday Items & Decorations","IN_MARKET","in_market","Gifts & Occasions","Gifts & Occasions","https://developers.google.com/static/google-ads/api/data/tables/in-market-categories.csv","2026-08-09"
"80504","Party Supplies & Planning","IN_MARKET","in_market","Gifts & Occasions","Gifts & Occasions","https://developers.google.com/static/google-ads/api/data/tables/in-market-categories.csv","2026-08-09"
"80505","Personalized Gifts","IN_MARKET","in_market","Gifts & Occasions","Gifts & Occasions","https://developers.google.com/static/google-ads/api/data/tables/in-market-categories.csv","2026-08-09"
"80506","Photo & Video Services","IN_MARKET","in_market","Gifts & Occasions","Gifts & Occasions","https://developers.google.com/static/google-ads/api/data/tables/in-market-categories.csv","2026-08-09"
"80507","Flowers","IN_MARKET","in_market","Gifts & Occasions","Gifts & Occasions","https://developers.google.com/static/google-ads/api/data/tables/in-market-categories.csv","2026-08-09"
"80508","Gift Baskets","IN_MARKET","in_market","Gifts & Occasions","Gifts & Occasions","https://developers.google.com/static/google-ads/api/data/tables/in-market-categories.csv","2026-08-09"
"80509","Christmas Items & Decor","IN_MARKET","in_market","Gifts & Occasions","Holiday Items & Decorations","https://developers.google.com/static/google-ads/api/data/tables/in-market-categories.csv","2026-08-09"
"80510","Halloween Items & Decor","IN_MARKET","in_market","Gifts & Occasions","Holiday Items & Decorations","https://developers.google.com/static/google-ads/api/data/tables/in-market-categories.csv","2026-08-09"
"80511","Valentine's Day Items & Decor","IN_MARKET","in_market","Gifts & Occasions","Holiday Items & Decorations","https://developers.google.com/static/google-ads/api/data/tables/in-market-categories.csv","2026-08-09"
"80512","Event Planning Services","IN_MARKET","in_market","Gifts & Occasions","Party Supplies & Planning","https://developers.google.com/static/google-ads/api/data/tables/in-market-categories.csv","2026-08-09"
"80513","Party Supplies","IN_MARKET","in_market","Gifts & Occasions","Party Supplies & Planning","https://developers.google.com/static/google-ads/api/data/tables/in-market-categories.csv","2026-08-09"
"80515","Event Photographers & Studios","IN_MARKET","in_market","Gifts & Occasions","Photo & Video Services","https://developers.google.com/static/google-ads/api/data/tables/in-market-categories.csv","2026-08-09"
"80516","Photo Printing Services","IN_MARKET","in_market","Gifts & Occasions","Photo & Video Services","https://developers.google.com/static/google-ads/api/data/tables/in-market-categories.csv","2026-08-09"
"80517","Advertising & Marketing Services","IN_MARKET","in_market","Business Services","Business Services","https://developers.google.com/static/google-ads/api/data/tables/in-market-categories.csv","2026-08-09"
"80518","Business Financial Services","IN_MARKET","in_market","Business Services","Business Services","https://developers.google.com/static/google-ads/api/data/tables/in-market-categories.csv","2026-08-09"
"80519","Business Printing & Document Services","IN_MARKET","in_market","Business Services","Business Services","https://developers.google.com/static/google-ads/api/data/tables/in-market-categories.csv","2026-08-09"
"80520","Business Technology","IN_MARKET","in_market","Business Services","Business Services","https://developers.google.com/static/google-ads/api/data/tables/in-market-categories.csv","2026-08-09"
"80521","Corporate Event Planning","IN_MARKET","in_market","Business Services","Business Services","https://developers.google.com/static/google-ads/api/data/tables/in-market-categories.csv","2026-08-09"
"80522","Office Supplies","IN_MARKET","in_market","Business Services","Business Services","https://developers.google.com/static/google-ads/api/data/tables/in-market-categories.csv","2026-08-09"
"80523","Payment Processing & Merchant Services","IN_MARKET","in_market","Business Services","Business Services","https://developers.google.com/static/google-ads/api/data/tables/in-market-categories.csv","2026-08-09"
"80524","Payroll Services","IN_MARKET","in_market","Business Services","Business Services","https://developers.google.com/static/google-ads/api/data/tables/in-market-categories.csv","2026-08-09"
"80525","Physical Security & Access Control","IN_MARKET","in_market","Business Services","Business Services","https://developers.google.com/static/google-ads/api/data/tables/in-market-categories.csv","2026-08-09"
"80526","Staffing & Recruitment Services","IN_MARKET","in_market","Business Services","Business Services","https://developers.google.com/static/google-ads/api/data/tables/in-market-categories.csv","2026-08-09"
"80527","Direct Mail Marketing Services","IN_MARKET","in_market","Business Services","Advertising & Marketing Services","https://developers.google.com/static/google-ads/api/data/tables/in-market-categories.csv","2026-08-09"
"80528","Email Marketing Services","IN_MARKET","in_market","Business Services","Advertising & Marketing Services","https://developers.google.com/static/google-ads/api/data/tables/in-market-categories.csv","2026-08-09"
"80529","SEO & SEM Services","IN_MARKET","in_market","Business Services","Advertising & Marketing Services","https://developers.google.com/static/google-ads/api/data/tables/in-market-categories.csv","2026-08-09"
"80530","Enterprise Software","IN_MARKET","in_market","Business Services","Business Technology","https://developers.google.com/static/google-ads/api/data/tables/in-market-categories.csv","2026-08-09"
"80531","Network Systems & Services","IN_MARKET","in_market","Business Services","Business Technology","https://developers.google.com/static/google-ads/api/data/tables/in-market-categories.csv","2026-08-09"
"80532","Web Services","IN_MARKET","in_market","Business Services","Business Technology","https://developers.google.com/static/google-ads/api/data/tables/in-market-categories.csv","2026-08-09"
"80533","Office Furniture","IN_MARKET","in_market","Business Services","Office Supplies","https://developers.google.com/static/google-ads/api/data/tables/in-market-categories.csv","2026-08-09"
"80534","Collaboration & Conferencing Tools","IN_MARKET","in_market","Business Services","Enterprise Software","https://developers.google.com/static/google-ads/api/data/tables/in-market-categories.csv","2026-08-09"
"80535","CRM Solutions","IN_MARKET","in_market","Business Services","Enterprise Software","https://developers.google.com/static/google-ads/api/data/tables/in-market-categories.csv","2026-08-09"
"80536","ERP Solutions","IN_MARKET","in_market","Business Services","Enterprise Software","https://developers.google.com/static/google-ads/api/data/tables/in-market-categories.csv","2026-08-09"
"80537","Helpdesk & Customer Support Solutions","IN_MARKET","in_market","Business Services","Enterprise Software","https://developers.google.com/static/google-ads/api/data/tables/in-market-categories.csv","2026-08-09"
"80538","Hosted Data & Cloud Storage","IN_MARKET","in_market","Business Services","Network Systems & Services","https://developers.google.com/static/google-ads/api/data/tables/in-market-categories.csv","2026-08-09"
"80539","Network & Enterprise Security","IN_MARKET","in_market","Business Services","Network Systems & Services","https://developers.google.com/static/google-ads/api/data/tables/in-market-categories.csv","2026-08-09"
"80540","Network Equipment & Virtualization","IN_MARKET","in_market","Business Services","Network Systems & Services","https://developers.google.com/static/google-ads/api/data/tables/in-market-categories.csv","2026-08-09"
"80541","Network Management","IN_MARKET","in_market","Business Services","Network Systems & Services","https://developers.google.com/static/google-ads/api/data/tables/in-market-categories.csv","2026-08-09"
"80542","Domain Registration","IN_MARKET","in_market","Business Services","Web Services","https://developers.google.com/static/google-ads/api/data/tables/in-market-categories.csv","2026-08-09"
"80543","Web Design & Development","IN_MARKET","in_market","Business Services","Web Services","https://developers.google.com/static/google-ads/api/data/tables/in-market-categories.csv","2026-08-09"
"80544","Web Hosting","IN_MARKET","in_market","Business Services","Web Services","https://developers.google.com/static/google-ads/api/data/tables/in-market-categories.csv","2026-08-09"
"80545","Sports & Fitness","IN_MARKET","in_market","","","https://developers.google.com/static/google-ads/api/data/tables/in-market-categories.csv","2026-08-09"
"80546","Beauty & Personal Care","IN_MARKET","in_market","","","https://developers.google.com/static/google-ads/api/data/tables/in-market-categories.csv","2026-08-09"
"80548","Fitness Products & Services","IN_MARKET","in_market","Sports & Fitness","Sports & Fitness","https://developers.google.com/static/google-ads/api/data/tables/in-market-categories.csv","2026-08-09"
"80549","Outdoor Recreational Equipment","IN_MARKET","in_market","Sports & Fitness","Sports & Fitness","https://developers.google.com/static/google-ads/api/data/tables/in-market-categories.csv","2026-08-09"
"80550","Sporting Goods","IN_MARKET","in_market","Sports & Fitness","Sports & Fitness","https://developers.google.com/static/google-ads/api/data/tables/in-market-categories.csv","2026-08-09"
"80551","Hair Care Products","IN_MARKET","in_market","Beauty & Personal Care","Beauty & Personal Care","https://developers.google.com/static/google-ads/api/data/tables/in-market-categories.csv","2026-08-09"
"80552","Bath & Body Products","IN_MARKET","in_market","Beauty & Personal Care","Beauty & Personal Care","https://developers.google.com/static/google-ads/api/data/tables/in-market-categories.csv","2026-08-09"
"80553","Tanning & Sun Care Products","IN_MARKET","in_market","Beauty & Personal Care","Beauty & Personal Care","https://developers.google.com/static/google-ads/api/data/tables/in-market-categories.csv","2026-08-09"
"80554","Makeup & Cosmetics","IN_MARKET","in_market","Beauty & Personal Care","Beauty & Personal Care","https://developers.google.com/static/google-ads/api/data/tables/in-market-categories.csv","2026-08-09"
"80555","Skin Care Products","IN_MARKET","in_market","Beauty & Personal Care","Beauty & Personal Care","https://developers.google.com/static/google-ads/api/data/tables/in-market-categories.csv","2026-08-09"
"80556","Spas & Beauty Services","IN_MARKET","in_market","Beauty & Personal Care","Beauty & Personal Care","https://developers.google.com/static/google-ads/api/data/tables/in-market-categories.csv","2026-08-09"
"80557","Running Apparel","IN_MARKET","in_market","Apparel & Accessories","Activewear","https://developers.google.com/static/google-ads/api/data/tables/in-market-categories.csv","2026-08-09"
"80558","Yoga Apparel","IN_MARKET","in_market","Apparel & Accessories","Activewear","https://developers.google.com/static/google-ads/api/data/tables/in-market-categories.csv","2026-08-09"
"80559","Exercise Equipment","IN_MARKET","in_market","Sports & Fitness","Fitness Products & Services","https://developers.google.com/static/google-ads/api/data/tables/in-market-categories.csv","2026-08-09"
"80560","Fitness Classes & Personal Training Services","IN_MARKET","in_market","Sports & Fitness","Fitness Products & Services","https://developers.google.com/static/google-ads/api/data/tables/in-market-categories.csv","2026-08-09"
"80561","Gyms & Athletic Clubs","IN_MARKET","in_market","Sports & Fitness","Fitness Products & Services","https://developers.google.com/static/google-ads/api/data/tables/in-market-categories.csv","2026-08-09"
"80562","Camping & Hiking Equipment","IN_MARKET","in_market","Sports & Fitness","Outdoor Recreational Equipment","https://developers.google.com/static/google-ads/api/data/tables/in-market-categories.csv","2026-08-09"
"80563","Fishing Equipment","IN_MARKET","in_market","Sports & Fitness","Outdoor Recreational Equipment","https://developers.google.com/static/google-ads/api/data/tables/in-market-categories.csv","2026-08-09"
"80564","Hunting & Shooting Supplies","IN_MARKET","in_market","Sports & Fitness","Outdoor Recreational Equipment","https://developers.google.com/static/google-ads/api/data/tables/in-market-categories.csv","2026-08-09"
"80565","American Football Equipment","IN_MARKET","in_market","Sports & Fitness","Sporting Goods","https://developers.google.com/static/google-ads/api/data/tables/in-market-categories.csv","2026-08-09"
"80566","Baseball Equipment","IN_MARKET","in_market","Sports & Fitness","Sporting Goods","https://developers.google.com/static/google-ads/api/data/tables/in-market-categories.csv","2026-08-09"
"80567","Basketball Equipment","IN_MARKET","in_market","Sports & Fitness","Sporting Goods","https://developers.google.com/static/google-ads/api/data/tables/in-market-categories.csv","2026-08-09"
"80568","Combat Sports Equipment","IN_MARKET","in_market","Sports & Fitness","Sporting Goods","https://developers.google.com/static/google-ads/api/data/tables/in-market-categories.csv","2026-08-09"
"80569","Golf Equipment","IN_MARKET","in_market","Sports & Fitness","Sporting Goods","https://developers.google.com/static/google-ads/api/data/tables/in-market-categories.csv","2026-08-09"
"80570","Hockey Equipment","IN_MARKET","in_market","Sports & Fitness","Sporting Goods","https://developers.google.com/static/google-ads/api/data/tables/in-market-categories.csv","2026-08-09"
"80571","Skateboarding Equipment","IN_MARKET","in_market","Sports & Fitness","Sporting Goods","https://developers.google.com/static/google-ads/api/data/tables/in-market-categories.csv","2026-08-09"
"80572","Soccer Equipment","IN_MARKET","in_market","Sports & Fitness","Sporting Goods","https://developers.google.com/static/google-ads/api/data/tables/in-market-categories.csv","2026-08-09"
"80573","Tennis Equipment","IN_MARKET","in_market","Sports & Fitness","Sporting Goods","https://developers.google.com/static/google-ads/api/data/tables/in-market-categories.csv","2026-08-09"
"80574","Volleyball Equipment","IN_MARKET","in_market","Sports & Fitness","Sporting Goods","https://developers.google.com/static/google-ads/api/data/tables/in-market-categories.csv","2026-08-09"
"80575","Water Activities Equipment & Accessories","IN_MARKET","in_market","Sports & Fitness","Sporting Goods","https://developers.google.com/static/google-ads/api/data/tables/in-market-categories.csv","2026-08-09"
"80576","Winter Sports Equipment & Accessories","IN_MARKET","in_market","Sports & Fitness","Sporting Goods","https://developers.google.com/static/google-ads/api/data/tables/in-market-categories.csv","2026-08-09"
"80577","Eye Makeup","IN_MARKET","in_market","Beauty & Personal Care","Makeup & Cosmetics","https://developers.google.com/static/google-ads/api/data/tables/in-market-categories.csv","2026-08-09"
"80578","Face Makeup","IN_MARKET","in_market","Beauty & Personal Care","Makeup & Cosmetics","https://developers.google.com/static/google-ads/api/data/tables/in-market-categories.csv","2026-08-09"
"80579","Lip Makeup","IN_MARKET","in_market","Beauty & Personal Care","Makeup & Cosmetics","https://developers.google.com/static/google-ads/api/data/tables/in-market-categories.csv","2026-08-09"
"80580","Nail Care Products","IN_MARKET","in_market","Beauty & Personal Care","Makeup & Cosmetics","https://developers.google.com/static/google-ads/api/data/tables/in-market-categories.csv","2026-08-09"
"80581","Anti-Aging Skin Care Products","IN_MARKET","in_market","Beauty & Personal Care","Skin Care Products","https://developers.google.com/static/google-ads/api/data/tables/in-market-categories.csv","2026-08-09"
"80582","Facial Cleansers & Makeup Removers","IN_MARKET","in_market","Beauty & Personal Care","Skin Care Products","https://developers.google.com/static/google-ads/api/data/tables/in-market-categories.csv","2026-08-09"
"80583","Face Lotions & Moisturizers","IN_MARKET","in_market","Beauty & Personal Care","Skin Care Products","https://developers.google.com/static/google-ads/api/data/tables/in-market-categories.csv","2026-08-09"
"80584","Skin Care Tools & Devices","IN_MARKET","in_market","Beauty & Personal Care","Skin Care Products","https://developers.google.com/static/google-ads/api/data/tables/in-market-categories.csv","2026-08-09"
"80585","Massage Therapy","IN_MARKET","in_market","Beauty & Personal Care","Spas & Beauty Services","https://developers.google.com/static/google-ads/api/data/tables/in-market-categories.csv","2026-08-09"
"80586","Facial & Skin Treatments","IN_MARKET","in_market","Beauty & Personal Care","Spas & Beauty Services","https://developers.google.com/static/google-ads/api/data/tables/in-market-categories.csv","2026-08-09"
"80587","Manicures & Pedicures","IN_MARKET","in_market","Beauty & Personal Care","Spas & Beauty Services","https://developers.google.com/static/google-ads/api/data/tables/in-market-categories.csv","2026-08-09"
"80588","Hair Removal Services","IN_MARKET","in_market","Beauty & Personal Care","Spas & Beauty Services","https://developers.google.com/static/google-ads/api/data/tables/in-market-categories.csv","2026-08-09"
"80589","Cardio Training Equipment","IN_MARKET","in_market","Sports & Fitness","Exercise Equipment","https://developers.google.com/static/google-ads/api/data/tables/in-market-categories.csv","2026-08-09"
"80590","Fitness Technology Products","IN_MARKET","in_market","Sports & Fitness","Exercise Equipment","https://developers.google.com/static/google-ads/api/data/tables/in-market-categories.csv","2026-08-09"
"80591","Weights & Strength Training Equipment","IN_MARKET","in_market","Sports & Fitness","Exercise Equipment","https://developers.google.com/static/google-ads/api/data/tables/in-market-categories.csv","2026-08-09"
"80592","Dating Services","IN_MARKET","in_market","","","https://developers.google.com/static/google-ads/api/data/tables/in-market-categories.csv","2026-08-09"
"80593","Event Tickets","IN_MARKET","in_market","","","https://developers.google.com/static/google-ads/api/data/tables/in-market-categories.csv","2026-08-09"
"80595","Performing Arts Tickets","IN_MARKET","in_market","Event Tickets","Event Tickets","https://developers.google.com/static/google-ads/api/data/tables/in-market-categories.csv","2026-08-09"
"80596","Broadway & Theater Tickets","IN_MARKET","in_market","Event Tickets","Performing Arts Tickets","https://developers.google.com/static/google-ads/api/data/tables/in-market-categories.csv","2026-08-09"
"80597","Concert & Music Festival Tickets","IN_MARKET","in_market","Event Tickets","Event Tickets","https://developers.google.com/static/google-ads/api/data/tables/in-market-categories.csv","2026-08-09"
"80598","Sports Tickets","IN_MARKET","in_market","Event Tickets","Event Tickets","https://developers.google.com/static/google-ads/api/data/tables/in-market-categories.csv","2026-08-09"
"80599","American Football Tickets","IN_MARKET","in_market","Event Tickets","Sports Tickets","https://developers.google.com/static/google-ads/api/data/tables/in-market-categories.csv","2026-08-09"
"80600","Baseball Tickets","IN_MARKET","in_market","Event Tickets","Sports Tickets","https://developers.google.com/static/google-ads/api/data/tables/in-market-categories.csv","2026-08-09"
"80601","Basketball Tickets","IN_MARKET","in_market","Event Tickets","Sports Tickets","https://developers.google.com/static/google-ads/api/data/tables/in-market-categories.csv","2026-08-09"
"80602","Hockey Tickets","IN_MARKET","in_market","Event Tickets","Sports Tickets","https://developers.google.com/static/google-ads/api/data/tables/in-market-categories.csv","2026-08-09"
"80603","Soccer Tickets","IN_MARKET","in_market","Event Tickets","Sports Tickets","https://developers.google.com/static/google-ads/api/data/tables/in-market-categories.csv","2026-08-09"
"80604","Bus & Rail Travel","IN_MARKET","in_market","Travel","Travel","https://developers.google.com/static/google-ads/api/data/tables/in-market-categories.csv","2026-08-09"
"80605","Trips by Destination","IN_MARKET","in_market","Travel","Travel","https://developers.google.com/static/google-ads/api/data/tables/in-market-categories.csv","2026-08-09"
"80606","Trips to Asia-Pacific","IN_MARKET","in_market","Travel","Trips by Destination","https://developers.google.com/static/google-ads/api/data/tables/in-market-categories.csv","2026-08-09"
"80607","Trips to Europe","IN_MARKET","in_market","Travel","Trips by Destination","https://developers.google.com/static/google-ads/api/data/tables/in-market-categories.csv","2026-08-09"
"80608","Trips to Latin America","IN_MARKET","in_market","Travel","Trips by Destination","https://developers.google.com/static/google-ads/api/data/tables/in-market-categories.csv","2026-08-09"
"80609","Trips to the Middle East & Africa","IN_MARKET","in_market","Travel","Trips by Destination","https://developers.google.com/static/google-ads/api/data/tables/in-market-categories.csv","2026-08-09"
"80610","Trips to North America","IN_MARKET","in_market","Travel","Trips by Destination","https://developers.google.com/static/google-ads/api/data/tables/in-market-categories.csv","2026-08-09"
"80611","Trips to Bali","IN_MARKET","in_market","Travel","Trips to Indonesia","https://developers.google.com/static/google-ads/api/data/tables/in-market-categories.csv","2026-08-09"
"80612","Trips to Bangkok","IN_MARKET","in_market","Travel","Trips to Thailand","https://developers.google.com/static/google-ads/api/data/tables/in-market-categories.csv","2026-08-09"
"80613","Trips to Beijing","IN_MARKET","in_market","Travel","Trips to China","https://developers.google.com/static/google-ads/api/data/tables/in-market-categories.csv","2026-08-09"
"80614","Trips to Fukuoka","IN_MARKET","in_market","Travel","Trips to Japan","https://developers.google.com/static/google-ads/api/data/tables/in-market-categories.csv","2026-08-09"
"80615","Trips to Hong Kong","IN_MARKET","in_market","Travel","Trips to Asia-Pacific","https://developers.google.com/static/google-ads/api/data/tables/in-market-categories.csv","2026-08-09"
"80616","Trips to India","IN_MARKET","in_market","Travel","Trips to Asia-Pacific","https://developers.google.com/static/google-ads/api/data/tables/in-market-categories.csv","2026-08-09"
"80617","Trips to Kyoto-Osaka-Kobe","IN_MARKET","in_market","Travel","Trips to Japan","https://developers.google.com/static/google-ads/api/data/tables/in-market-categories.csv","2026-08-09"
"80618","Trips to Malaysia","IN_MARKET","in_market","Travel","Trips to Asia-Pacific","https://developers.google.com/static/google-ads/api/data/tables/in-market-categories.csv","2026-08-09"
"80619","Trips to Melbourne","IN_MARKET","in_market","Travel","Trips to Australia","https://developers.google.com/static/google-ads/api/data/tables/in-market-categories.csv","2026-08-09"
"80620","Trips to Nagoya","IN_MARKET","in_market","Travel","Trips to Japan","https://developers.google.com/static/google-ads/api/data/tables/in-market-categories.csv","2026-08-09"
"80621","Trips to New Zealand","IN_MARKET","in_market","Travel","Trips to Asia-Pacific","https://developers.google.com/static/google-ads/api/data/tables/in-market-categories.csv","2026-08-09"
"80622","Trips to the Philippines","IN_MARKET","in_market","Travel","Trips to Asia-Pacific","https://developers.google.com/static/google-ads/api/data/tables/in-market-categories.csv","2026-08-09"
"80623","Trips to Seoul","IN_MARKET","in_market","Travel","Trips to Asia-Pacific","https://developers.google.com/static/google-ads/api/data/tables/in-market-categories.csv","2026-08-09"
"80624","Trips to Shanghai","IN_MARKET","in_market","Travel","Trips to China","https://developers.google.com/static/google-ads/api/data/tables/in-market-categories.csv","2026-08-09"
"80625","Trips to Singapore","IN_MARKET","in_market","Travel","Trips to Asia-Pacific","https://developers.google.com/static/google-ads/api/data/tables/in-market-categories.csv","2026-08-09"
"80626","Trips to Sydney","IN_MARKET","in_market","Travel","Trips to Australia","https://developers.google.com/static/google-ads/api/data/tables/in-market-categories.csv","2026-08-09"
"80627","Trips to Taipei","IN_MARKET","in_market","Travel","Trips to Asia-Pacific","https://developers.google.com/static/google-ads/api/data/tables/in-market-categories.csv","2026-08-09"
"80628","Trips to Tokyo","IN_MARKET","in_market","Travel","Trips to Japan","https://developers.google.com/static/google-ads/api/data/tables/in-market-categories.csv","2026-08-09"
"80629","Trips to Vietnam","IN_MARKET","in_market","Travel","Trips to Asia-Pacific","https://developers.google.com/static/google-ads/api/data/tables/in-market-categories.csv","2026-08-09"
"80630","Trips to Amsterdam","IN_MARKET","in_market","Travel","Trips to Europe","https://developers.google.com/static/google-ads/api/data/tables/in-market-categories.csv","2026-08-09"
"80631","Trips to Barcelona","IN_MARKET","in_market","Travel","Trips to Spain","https://developers.google.com/static/google-ads/api/data/tables/in-market-categories.csv","2026-08-09"
"80632","Trips to Berlin","IN_MARKET","in_market","Travel","Trips to Germany","https://developers.google.com/static/google-ads/api/data/tables/in-market-categories.csv","2026-08-09"
"80633","Trips to the Canary Islands","IN_MARKET","in_market","Travel","Trips to Spain","https://developers.google.com/static/google-ads/api/data/tables/in-market-categories.csv","2026-08-09"
"80634","Trips to Croatia","IN_MARKET","in_market","Travel","Trips to Europe","https://developers.google.com/static/google-ads/api/data/tables/in-market-categories.csv","2026-08-09"
"80635","Trips to Frankfurt","IN_MARKET","in_market","Travel","Trips to Germany","https://developers.google.com/static/google-ads/api/data/tables/in-market-categories.csv","2026-08-09"
"80636","Trips to Greece","IN_MARKET","in_market","Travel","Trips to Europe","https://developers.google.com/static/google-ads/api/data/tables/in-market-categories.csv","2026-08-09"
"80637","Trips to Ireland","IN_MARKET","in_market","Travel","Trips to Europe","https://developers.google.com/static/google-ads/api/data/tables/in-market-categories.csv","2026-08-09"
"80638","Trips to London, UK","IN_MARKET","in_market","Travel","Trips to the UK","https://developers.google.com/static/google-ads/api/data/tables/in-market-categories.csv","2026-08-09"
"80639","Trips to Madrid","IN_MARKET","in_market","Travel","Trips to Spain","https://developers.google.com/static/google-ads/api/data/tables/in-market-categories.csv","2026-08-09"
"80640","Trips to Moscow","IN_MARKET","in_market","Travel","Trips to Europe","https://developers.google.com/static/google-ads/api/data/tables/in-market-categories.csv","2026-08-09"
"80641","Trips to Paris","IN_MARKET","in_market","Travel","Trips to France","https://developers.google.com/static/google-ads/api/data/tables/in-market-categories.csv","2026-08-09"
"80642","Trips to Prague","IN_MARKET","in_market","Travel","Trips to Europe","https://developers.google.com/static/google-ads/api/data/tables/in-market-categories.csv","2026-08-09"
"80643","Trips to Rome","IN_MARKET","in_market","Travel","Trips to Italy","https://developers.google.com/static/google-ads/api/data/tables/in-market-categories.csv","2026-08-09"
"80644","Trips to Turkey","IN_MARKET","in_market","Travel","Trips to Europe","https://developers.google.com/static/google-ads/api/data/tables/in-market-categories.csv","2026-08-09"
"80645","Trips to Buenos Aires","IN_MARKET","in_market","Travel","Trips to Latin America","https://developers.google.com/static/google-ads/api/data/tables/in-market-categories.csv","2026-08-09"
"80646","Trips to the Caribbean","IN_MARKET","in_market","Travel","Trips to Latin America","https://developers.google.com/static/google-ads/api/data/tables/in-market-categories.csv","2026-08-09"
"80647","Trips to Costa Rica","IN_MARKET","in_market","Travel","Trips to Latin America","https://developers.google.com/static/google-ads/api/data/tables/in-market-categories.csv","2026-08-09"
"80648","Trips to Mexico","IN_MARKET","in_market","Travel","Trips to Latin America","https://developers.google.com/static/google-ads/api/data/tables/in-market-categories.csv","2026-08-09"
"80649","Trips to Rio de Janeiro","IN_MARKET","in_market","Travel","Trips to Brazil","https://developers.google.com/static/google-ads/api/data/tables/in-market-categories.csv","2026-08-09"
"80650","Trips to São Paulo","IN_MARKET","in_market","Travel","Trips to Brazil","https://developers.google.com/static/google-ads/api/data/tables/in-market-categories.csv","2026-08-09"
"80651","Trips to Egypt","IN_MARKET","in_market","Travel","Trips to the Middle East & Africa","https://developers.google.com/static/google-ads/api/data/tables/in-market-categories.csv","2026-08-09"
"80652","Trips to Israel","IN_MARKET","in_market","Travel","Trips to the Middle East & Africa","https://developers.google.com/static/google-ads/api/data/tables/in-market-categories.csv","2026-08-09"
"80653","Trips to Morocco","IN_MARKET","in_market","Travel","Trips to the Middle East & Africa","https://developers.google.com/static/google-ads/api/data/tables/in-market-categories.csv","2026-08-09"
"80654","Trips to South Africa","IN_MARKET","in_market","Travel","Trips to the Middle East & Africa","https://developers.google.com/static/google-ads/api/data/tables/in-market-categories.csv","2026-08-09"
"80655","Trips to the United Arab Emirates","IN_MARKET","in_market","Travel","Trips to the Middle East & Africa","https://developers.google.com/static/google-ads/api/data/tables/in-market-categories.csv","2026-08-09"
"80656","Trips to Atlanta","IN_MARKET","in_market","Travel","Trips to the US","https://developers.google.com/static/google-ads/api/data/tables/in-market-categories.csv","2026-08-09"
"80657","Trips to Austin","IN_MARKET","in_market","Travel","Trips to the US","https://developers.google.com/static/google-ads/api/data/tables/in-market-categories.csv","2026-08-09"
"80658","Trips to Boston","IN_MARKET","in_market","Travel","Trips to the US","https://developers.google.com/static/google-ads/api/data/tables/in-market-categories.csv","2026-08-09"
"80659","Trips to Charlotte","IN_MARKET","in_market","Travel","Trips to the US","https://developers.google.com/static/google-ads/api/data/tables/in-market-categories.csv","2026-08-09"
"80660","Trips to Chicago","IN_MARKET","in_market","Travel","Trips to the US","https://developers.google.com/static/google-ads/api/data/tables/in-market-categories.csv","2026-08-09"
"80661","Trips to Dallas-Fort Worth","IN_MARKET","in_market","Travel","Trips to the US","https://developers.google.com/static/google-ads/api/data/tables/in-market-categories.csv","2026-08-09"
"80662","Trips to Denver","IN_MARKET","in_market","Travel","Trips to the US","https://developers.google.com/static/google-ads/api/data/tables/in-market-categories.csv","2026-08-09"
"80663","Trips to Detroit","IN_MARKET","in_market","Travel","Trips to the US","https://developers.google.com/static/google-ads/api/data/tables/in-market-categories.csv","2026-08-09"
"80664","Trips to Fort Lauderdale","IN_MARKET","in_market","Travel","Trips to Florida","https://developers.google.com/static/google-ads/api/data/tables/in-market-categories.csv","2026-08-09"
"80665","Trips to Hawaii","IN_MARKET","in_market","Travel","Trips to the US","https://developers.google.com/static/google-ads/api/data/tables/in-market-categories.csv","2026-08-09"
"80666","Trips to Houston","IN_MARKET","in_market","Travel","Trips to the US","https://developers.google.com/static/google-ads/api/data/tables/in-market-categories.csv","2026-08-09"
"80667","Trips to Las Vegas","IN_MARKET","in_market","Travel","Trips to the US","https://developers.google.com/static/google-ads/api/data/tables/in-market-categories.csv","2026-08-09"
"80668","Trips to Los Angeles","IN_MARKET","in_market","Travel","Trips to California","https://developers.google.com/static/google-ads/api/data/tables/in-market-categories.csv","2026-08-09"
"80669","Trips to Miami","IN_MARKET","in_market","Travel","Trips to Florida","https://developers.google.com/static/google-ads/api/data/tables/in-market-categories.csv","2026-08-09"
"80670","Trips to Minneapolis-Saint Paul","IN_MARKET","in_market","Travel","Trips to the US","https://developers.google.com/static/google-ads/api/data/tables/in-market-categories.csv","2026-08-09"
"80671","Trips to Montreal","IN_MARKET","in_market","Travel","Trips to Canada","https://developers.google.com/static/google-ads/api/data/tables/in-market-categories.csv","2026-08-09"
"80672","Trips to Myrtle Beach & Grand Strand","IN_MARKET","in_market","Travel","Trips to the US","https://developers.google.com/static/google-ads/api/data/tables/in-market-categories.csv","2026-08-09"
"80673","Trips to Nashville","IN_MARKET","in_market","Travel","Trips to the US","https://developers.google.com/static/google-ads/api/data/tables/in-market-categories.csv","2026-08-09"
"80674","Trips to New Orleans","IN_MARKET","in_market","Travel","Trips to the US","https://developers.google.com/static/google-ads/api/data/tables/in-market-categories.csv","2026-08-09"
"80675","Trips to New York City","IN_MARKET","in_market","Travel","Trips to the US","https://developers.google.com/static/google-ads/api/data/tables/in-market-categories.csv","2026-08-09"
"80676","Trips to Orange County, CA","IN_MARKET","in_market","Travel","Trips to California","https://developers.google.com/static/google-ads/api/data/tables/in-market-categories.csv","2026-08-09"
"80677","Trips to Orlando","IN_MARKET","in_market","Travel","Trips to Florida","https://developers.google.com/static/google-ads/api/data/tables/in-market-categories.csv","2026-08-09"
"80678","Trips to Philadelphia","IN_MARKET","in_market","Travel","Trips to the US","https://developers.google.com/static/google-ads/api/data/tables/in-market-categories.csv","2026-08-09"
"80679","Trips to Phoenix","IN_MARKET","in_market","Travel","Trips to the US","https://developers.google.com/static/google-ads/api/data/tables/in-market-categories.csv","2026-08-09"
"80680","Trips to Portland, OR","IN_MARKET","in_market","Travel","Trips to the US","https://developers.google.com/static/google-ads/api/data/tables/in-market-categories.csv","2026-08-09"
"80681","Trips to Salt Lake City","IN_MARKET","in_market","Travel","Trips to the US","https://developers.google.com/static/google-ads/api/data/tables/in-market-categories.csv","2026-08-09"
"80682","Trips to San Antonio","IN_MARKET","in_market","Travel","Trips to the US","https://developers.google.com/static/google-ads/api/data/tables/in-market-categories.csv","2026-08-09"
"80683","Trips to San Diego","IN_MARKET","in_market","Travel","Trips to California","https://developers.google.com/static/google-ads/api/data/tables/in-market-categories.csv","2026-08-09"
"80684","Trips to San Francisco Bay Area","IN_MARKET","in_market","Travel","Trips to California","https://developers.google.com/static/google-ads/api/data/tables/in-market-categories.csv","2026-08-09"
"80685","Trips to Seattle","IN_MARKET","in_market","Travel","Trips to the US","https://developers.google.com/static/google-ads/api/data/tables/in-market-categories.csv","2026-08-09"
"80686","Trips to St. Louis","IN_MARKET","in_market","Travel","Trips to the US","https://developers.google.com/static/google-ads/api/data/tables/in-market-categories.csv","2026-08-09"
"80687","Trips to Tampa Bay Area","IN_MARKET","in_market","Travel","Trips to Florida","https://developers.google.com/static/google-ads/api/data/tables/in-market-categories.csv","2026-08-09"
"80688","Trips to Toronto","IN_MARKET","in_market","Travel","Trips to Canada","https://developers.google.com/static/google-ads/api/data/tables/in-market-categories.csv","2026-08-09"
"80689","Trips to Vancouver","IN_MARKET","in_market","Travel","Trips to Canada","https://developers.google.com/static/google-ads/api/data/tables/in-market-categories.csv","2026-08-09"
"80690","Trips to Washington, D.C.","IN_MARKET","in_market","Travel","Trips to the US","https://developers.google.com/static/google-ads/api/data/tables/in-market-categories.csv","2026-08-09"
"80691","Android Phones","IN_MARKET","in_market","Consumer Electronics","Mobile Phones","https://developers.google.com/static/google-ads/api/data/tables/in-market-categories.csv","2026-08-09"
"80692","iOS Phones","IN_MARKET","in_market","Consumer Electronics","Mobile Phones","https://developers.google.com/static/google-ads/api/data/tables/in-market-categories.csv","2026-08-09"
"80693","Ram Trucks","IN_MARKET","in_market","Autos & Vehicles","Motor Vehicles by Brand","https://developers.google.com/static/google-ads/api/data/tables/in-market-categories.csv","2026-08-09"
"80694","Tesla Motors","IN_MARKET","in_market","Autos & Vehicles","Motor Vehicles by Brand","https://developers.google.com/static/google-ads/api/data/tables/in-market-categories.csv","2026-08-09"
"80695","Trips to Australia","IN_MARKET","in_market","Travel","Trips to Asia-Pacific","https://developers.google.com/static/google-ads/api/data/tables/in-market-categories.csv","2026-08-09"
"80696","Trips to Brisbane","IN_MARKET","in_market","Travel","Trips to Australia","https://developers.google.com/static/google-ads/api/data/tables/in-market-categories.csv","2026-08-09"
"80697","Trips to Perth","IN_MARKET","in_market","Travel","Trips to Australia","https://developers.google.com/static/google-ads/api/data/tables/in-market-categories.csv","2026-08-09"
"80698","Trips to China","IN_MARKET","in_market","Travel","Trips to Asia-Pacific","https://developers.google.com/static/google-ads/api/data/tables/in-market-categories.csv","2026-08-09"
"80699","Trips to Chengdu","IN_MARKET","in_market","Travel","Trips to China","https://developers.google.com/static/google-ads/api/data/tables/in-market-categories.csv","2026-08-09"
"80700","Trips to Guangzhou","IN_MARKET","in_market","Travel","Trips to China","https://developers.google.com/static/google-ads/api/data/tables/in-market-categories.csv","2026-08-09"
"80701","Trips to Ahmedabad","IN_MARKET","in_market","Travel","Trips to India","https://developers.google.com/static/google-ads/api/data/tables/in-market-categories.csv","2026-08-09"
"80702","Trips to Bangalore","IN_MARKET","in_market","Travel","Trips to India","https://developers.google.com/static/google-ads/api/data/tables/in-market-categories.csv","2026-08-09"
"80703","Trips to Kolkata","IN_MARKET","in_market","Travel","Trips to India","https://developers.google.com/static/google-ads/api/data/tables/in-market-categories.csv","2026-08-09"
"80704","Trips to Chennai","IN_MARKET","in_market","Travel","Trips to India","https://developers.google.com/static/google-ads/api/data/tables/in-market-categories.csv","2026-08-09"
"80705","Trips to Kochi (India)","IN_MARKET","in_market","Travel","Trips to India","https://developers.google.com/static/google-ads/api/data/tables/in-market-categories.csv","2026-08-09"
"80706","Trips to Delhi","IN_MARKET","in_market","Travel","Trips to India","https://developers.google.com/static/google-ads/api/data/tables/in-market-categories.csv","2026-08-09"
"80707","Trips to Goa","IN_MARKET","in_market","Travel","Trips to India","https://developers.google.com/static/google-ads/api/data/tables/in-market-categories.csv","2026-08-09"
"80708","Trips to Hyderabad","IN_MARKET","in_market","Travel","Trips to India","https://developers.google.com/static/google-ads/api/data/tables/in-market-categories.csv","2026-08-09"
"80709","Trips to Jaipur","IN_MARKET","in_market","Travel","Trips to India","https://developers.google.com/static/google-ads/api/data/tables/in-market-categories.csv","2026-08-09"
"80710","Trips to Mumbai","IN_MARKET","in_market","Travel","Trips to India","https://developers.google.com/static/google-ads/api/data/tables/in-market-categories.csv","2026-08-09"
"80711","Trips to Pune","IN_MARKET","in_market","Travel","Trips to India","https://developers.google.com/static/google-ads/api/data/tables/in-market-categories.csv","2026-08-09"
"80712","Trips to Indonesia","IN_MARKET","in_market","Travel","Trips to Asia-Pacific","https://developers.google.com/static/google-ads/api/data/tables/in-market-categories.csv","2026-08-09"
"80713","Trips to Bandung","IN_MARKET","in_market","Travel","Trips to Indonesia","https://developers.google.com/static/google-ads/api/data/tables/in-market-categories.csv","2026-08-09"
"80714","Trips to Jakarta","IN_MARKET","in_market","Travel","Trips to Indonesia","https://developers.google.com/static/google-ads/api/data/tables/in-market-categories.csv","2026-08-09"
"80715","Trips to Japan","IN_MARKET","in_market","Travel","Trips to Asia-Pacific","https://developers.google.com/static/google-ads/api/data/tables/in-market-categories.csv","2026-08-09"
"80716","Trips to Okinawa","IN_MARKET","in_market","Travel","Trips to Japan","https://developers.google.com/static/google-ads/api/data/tables/in-market-categories.csv","2026-08-09"
"80717","Trips to Sapporo","IN_MARKET","in_market","Travel","Trips to Japan","https://developers.google.com/static/google-ads/api/data/tables/in-market-categories.csv","2026-08-09"
"80718","Trips to Kuala Lumpur","IN_MARKET","in_market","Travel","Trips to Malaysia","https://developers.google.com/static/google-ads/api/data/tables/in-market-categories.csv","2026-08-09"
"80719","Trips to Penang","IN_MARKET","in_market","Travel","Trips to Malaysia","https://developers.google.com/static/google-ads/api/data/tables/in-market-categories.csv","2026-08-09"
"80720","Trips to Nepal","IN_MARKET","in_market","Travel","Trips to Asia-Pacific","https://developers.google.com/static/google-ads/api/data/tables/in-market-categories.csv","2026-08-09"
"80721","Trips to Sri Lanka","IN_MARKET","in_market","Travel","Trips to Asia-Pacific","https://developers.google.com/static/google-ads/api/data/tables/in-market-categories.csv","2026-08-09"
"80722","Trips to Thailand","IN_MARKET","in_market","Travel","Trips to Asia-Pacific","https://developers.google.com/static/google-ads/api/data/tables/in-market-categories.csv","2026-08-09"
"80723","Trips to Chiang Mai","IN_MARKET","in_market","Travel","Trips to Thailand","https://developers.google.com/static/google-ads/api/data/tables/in-market-categories.csv","2026-08-09"
"80724","Trips to Phuket","IN_MARKET","in_market","Travel","Trips to Thailand","https://developers.google.com/static/google-ads/api/data/tables/in-market-categories.csv","2026-08-09"
"80725","Trips to Hanoi","IN_MARKET","in_market","Travel","Trips to Vietnam","https://developers.google.com/static/google-ads/api/data/tables/in-market-categories.csv","2026-08-09"
"80726","Trips to Ho Chi Minh City","IN_MARKET","in_market","Travel","Trips to Vietnam","https://developers.google.com/static/google-ads/api/data/tables/in-market-categories.csv","2026-08-09"
"80727","Trips to Brussels","IN_MARKET","in_market","Travel","Trips to Europe","https://developers.google.com/static/google-ads/api/data/tables/in-market-categories.csv","2026-08-09"
"80728","Trips to Denmark","IN_MARKET","in_market","Travel","Trips to Europe","https://developers.google.com/static/google-ads/api/data/tables/in-market-categories.csv","2026-08-09"
"80729","Trips to Copenhagen","IN_MARKET","in_market","Travel","Trips to Denmark","https://developers.google.com/static/google-ads/api/data/tables/in-market-categories.csv","2026-08-09"
"80730","Trips to France","IN_MARKET","in_market","Travel","Trips to Europe","https://developers.google.com/static/google-ads/api/data/tables/in-market-categories.csv","2026-08-09"
"80731","Trips to Bordeaux","IN_MARKET","in_market","Travel","Trips to France","https://developers.google.com/static/google-ads/api/data/tables/in-market-categories.csv","2026-08-09"
"80732","Trips to Lyon","IN_MARKET","in_market","Travel","Trips to France","https://developers.google.com/static/google-ads/api/data/tables/in-market-categories.csv","2026-08-09"
"80733","Trips to Marseille","IN_MARKET","in_market","Travel","Trips to France","https://developers.google.com/static/google-ads/api/data/tables/in-market-categories.csv","2026-08-09"
"80734","Trips to Nice","IN_MARKET","in_market","Travel","Trips to France","https://developers.google.com/static/google-ads/api/data/tables/in-market-categories.csv","2026-08-09"
"80735","Trips to Toulouse","IN_MARKET","in_market","Travel","Trips to France","https://developers.google.com/static/google-ads/api/data/tables/in-market-categories.csv","2026-08-09"
"80736","Trips to Germany","IN_MARKET","in_market","Travel","Trips to Europe","https://developers.google.com/static/google-ads/api/data/tables/in-market-categories.csv","2026-08-09"
"80737","Trips to Cologne","IN_MARKET","in_market","Travel","Trips to Germany","https://developers.google.com/static/google-ads/api/data/tables/in-market-categories.csv","2026-08-09"
"80738","Trips to Dusseldorf","IN_MARKET","in_market","Travel","Trips to Germany","https://developers.google.com/static/google-ads/api/data/tables/in-market-categories.csv","2026-08-09"
"80739","Trips to Hamburg","IN_MARKET","in_market","Travel","Trips to Germany","https://developers.google.com/static/google-ads/api/data/tables/in-market-categories.csv","2026-08-09"
"80740","Trips to Munich","IN_MARKET","in_market","Travel","Trips to Germany","https://developers.google.com/static/google-ads/api/data/tables/in-market-categories.csv","2026-08-09"
"80741","Trips to Stuttgart","IN_MARKET","in_market","Travel","Trips to Germany","https://developers.google.com/static/google-ads/api/data/tables/in-market-categories.csv","2026-08-09"
"80742","Trips to Helsinki","IN_MARKET","in_market","Travel","Trips to Europe","https://developers.google.com/static/google-ads/api/data/tables/in-market-categories.csv","2026-08-09"
"80743","Trips to Hungary","IN_MARKET","in_market","Travel","Trips to Europe","https://developers.google.com/static/google-ads/api/data/tables/in-market-categories.csv","2026-08-09"
"80744","Trips to Budapest","IN_MARKET","in_market","Travel","Trips to Hungary","https://developers.google.com/static/google-ads/api/data/tables/in-market-categories.csv","2026-08-09"
"80745","Trips to Iceland","IN_MARKET","in_market","Travel","Trips to Europe","https://developers.google.com/static/google-ads/api/data/tables/in-market-categories.csv","2026-08-09"
"80746","Trips to Dublin","IN_MARKET","in_market","Travel","Trips to Ireland","https://developers.google.com/static/google-ads/api/data/tables/in-market-categories.csv","2026-08-09"
"80747","Trips to Italy","IN_MARKET","in_market","Travel","Trips to Europe","https://developers.google.com/static/google-ads/api/data/tables/in-market-categories.csv","2026-08-09"
"80748","Trips to Bologna","IN_MARKET","in_market","Travel","Trips to Italy","https://developers.google.com/static/google-ads/api/data/tables/in-market-categories.csv","2026-08-09"
"80749","Trips to Florence","IN_MARKET","in_market","Travel","Trips to Italy","https://developers.google.com/static/google-ads/api/data/tables/in-market-categories.csv","2026-08-09"
"80750","Trips to Milan","IN_MARKET","in_market","Travel","Trips to Italy","https://developers.google.com/static/google-ads/api/data/tables/in-market-categories.csv","2026-08-09"
"80751","Trips to Naples","IN_MARKET","in_market","Travel","Trips to Italy","https://developers.google.com/static/google-ads/api/data/tables/in-market-categories.csv","2026-08-09"
"80752","Trips to Sicily","IN_MARKET","in_market","Travel","Trips to Italy","https://developers.google.com/static/google-ads/api/data/tables/in-market-categories.csv","2026-08-09"
"80753","Trips to Venice","IN_MARKET","in_market","Travel","Trips to Italy","https://developers.google.com/static/google-ads/api/data/tables/in-market-categories.csv","2026-08-09"
"80754","Trips to Kiev","IN_MARKET","in_market","Travel","Trips to Europe","https://developers.google.com/static/google-ads/api/data/tables/in-market-categories.csv","2026-08-09"
"80755","Trips to Malta","IN_MARKET","in_market","Travel","Trips to Europe","https://developers.google.com/static/google-ads/api/data/tables/in-market-categories.csv","2026-08-09"
"80756","Trips to Oslo","IN_MARKET","in_market","Travel","Trips to Europe","https://developers.google.com/static/google-ads/api/data/tables/in-market-categories.csv","2026-08-09"
"80757","Trips to Poland","IN_MARKET","in_market","Travel","Trips to Europe","https://developers.google.com/static/google-ads/api/data/tables/in-market-categories.csv","2026-08-09"
"80758","Trips to Krakow","IN_MARKET","in_market","Travel","Trips to Poland","https://developers.google.com/static/google-ads/api/data/tables/in-market-categories.csv","2026-08-09"
"80759","Trips to Warsaw","IN_MARKET","in_market","Travel","Trips to Poland","https://developers.google.com/static/google-ads/api/data/tables/in-market-categories.csv","2026-08-09"
"80760","Trips to Portugal","IN_MARKET","in_market","Travel","Trips to Europe","https://developers.google.com/static/google-ads/api/data/tables/in-market-categories.csv","2026-08-09"
"80761","Trips to Faro","IN_MARKET","in_market","Travel","Trips to Portugal","https://developers.google.com/static/google-ads/api/data/tables/in-market-categories.csv","2026-08-09"
"80762","Trips to Lisbon","IN_MARKET","in_market","Travel","Trips to Portugal","https://developers.google.com/static/google-ads/api/data/tables/in-market-categories.csv","2026-08-09"
"80763","Trips to Porto","IN_MARKET","in_market","Travel","Trips to Portugal","https://developers.google.com/static/google-ads/api/data/tables/in-market-categories.csv","2026-08-09"
"80764","Trips to Romania","IN_MARKET","in_market","Travel","Trips to Europe","https://developers.google.com/static/google-ads/api/data/tables/in-market-categories.csv","2026-08-09"
"80765","Trips to Sofia","IN_MARKET","in_market","Travel","Trips to Europe","https://developers.google.com/static/google-ads/api/data/tables/in-market-categories.csv","2026-08-09"
"80766","Trips to Spain","IN_MARKET","in_market","Travel","Trips to Europe","https://developers.google.com/static/google-ads/api/data/tables/in-market-categories.csv","2026-08-09"
"80767","Trips to Alicante","IN_MARKET","in_market","Travel","Trips to Spain","https://developers.google.com/static/google-ads/api/data/tables/in-market-categories.csv","2026-08-09"
"80768","Trips to Bilbao","IN_MARKET","in_market","Travel","Trips to Spain","https://developers.google.com/static/google-ads/api/data/tables/in-market-categories.csv","2026-08-09"
"80769","Trips to Cordoba","IN_MARKET","in_market","Travel","Trips to Spain","https://developers.google.com/static/google-ads/api/data/tables/in-market-categories.csv","2026-08-09"
"80770","Trips to Granada","IN_MARKET","in_market","Travel","Trips to Spain","https://developers.google.com/static/google-ads/api/data/tables/in-market-categories.csv","2026-08-09"
"80771","Trips to Malaga","IN_MARKET","in_market","Travel","Trips to Spain","https://developers.google.com/static/google-ads/api/data/tables/in-market-categories.csv","2026-08-09"
"80772","Trips to Mallorca, Ibiza & Balearic Islands","IN_MARKET","in_market","Travel","Trips to Spain","https://developers.google.com/static/google-ads/api/data/tables/in-market-categories.csv","2026-08-09"
"80773","Trips to Seville","IN_MARKET","in_market","Travel","Trips to Spain","https://developers.google.com/static/google-ads/api/data/tables/in-market-categories.csv","2026-08-09"
"80774","Trips to Valencia","IN_MARKET","in_market","Travel","Trips to Spain","https://developers.google.com/static/google-ads/api/data/tables/in-market-categories.csv","2026-08-09"
"80775","Trips to St. Petersburg","IN_MARKET","in_market","Travel","Trips to Europe","https://developers.google.com/static/google-ads/api/data/tables/in-market-categories.csv","2026-08-09"
"80776","Trips to Stockholm","IN_MARKET","in_market","Travel","Trips to Sweden","https://developers.google.com/static/google-ads/api/data/tables/in-market-categories.csv","2026-08-09"
"80777","Trips to Sweden","IN_MARKET","in_market","Travel","Trips to Europe","https://developers.google.com/static/google-ads/api/data/tables/in-market-categories.csv","2026-08-09"
"80778","Trips to Switzerland","IN_MARKET","in_market","Travel","Trips to Europe","https://developers.google.com/static/google-ads/api/data/tables/in-market-categories.csv","2026-08-09"
"80779","Trips to Geneva","IN_MARKET","in_market","Travel","Trips to Switzerland","https://developers.google.com/static/google-ads/api/data/tables/in-market-categories.csv","2026-08-09"
"80780","Trips to Zurich","IN_MARKET","in_market","Travel","Trips to Switzerland","https://developers.google.com/static/google-ads/api/data/tables/in-market-categories.csv","2026-08-09"
"80781","Trips to the UK","IN_MARKET","in_market","Travel","Trips to Europe","https://developers.google.com/static/google-ads/api/data/tables/in-market-categories.csv","2026-08-09"
"80782","Trips to Birmingham, UK","IN_MARKET","in_market","Travel","Trips to the UK","https://developers.google.com/static/google-ads/api/data/tables/in-market-categories.csv","2026-08-09"
"80783","Trips to Edinburgh","IN_MARKET","in_market","Travel","Trips to the UK","https://developers.google.com/static/google-ads/api/data/tables/in-market-categories.csv","2026-08-09"
"80784","Trips to Glasgow","IN_MARKET","in_market","Travel","Trips to the UK","https://developers.google.com/static/google-ads/api/data/tables/in-market-categories.csv","2026-08-09"
"80785","Trips to Manchester, UK","IN_MARKET","in_market","Travel","Trips to the UK","https://developers.google.com/static/google-ads/api/data/tables/in-market-categories.csv","2026-08-09"
"80786","Trips to Antalya","IN_MARKET","in_market","Travel","Trips to Turkey","https://developers.google.com/static/google-ads/api/data/tables/in-market-categories.csv","2026-08-09"
"80787","Trips to Istanbul","IN_MARKET","in_market","Travel","Trips to Turkey","https://developers.google.com/static/google-ads/api/data/tables/in-market-categories.csv","2026-08-09"
"80788","Trips to Vienna","IN_MARKET","in_market","Travel","Trips to Europe","https://developers.google.com/static/google-ads/api/data/tables/in-market-categories.csv","2026-08-09"
"80789","Trips to Bogota","IN_MARKET","in_market","Travel","Trips to Latin America","https://developers.google.com/static/google-ads/api/data/tables/in-market-categories.csv","2026-08-09"
"80790","Trips to Brazil","IN_MARKET","in_market","Travel","Trips to Latin America","https://developers.google.com/static/google-ads/api/data/tables/in-market-categories.csv","2026-08-09"
"80791","Trips to Salvador","IN_MARKET","in_market","Travel","Trips to Brazil","https://developers.google.com/static/google-ads/api/data/tables/in-market-categories.csv","2026-08-09"
"80792","Trips to Aruba","IN_MARKET","in_market","Travel","Trips to the Caribbean","https://developers.google.com/static/google-ads/api/data/tables/in-market-categories.csv","2026-08-09"
"80793","Trips to Cuba","IN_MARKET","in_market","Travel","Trips to the Caribbean","https://developers.google.com/static/google-ads/api/data/tables/in-market-categories.csv","2026-08-09"
"80794","Trips to Jamaica","IN_MARKET","in_market","Travel","Trips to the Caribbean","https://developers.google.com/static/google-ads/api/data/tables/in-market-categories.csv","2026-08-09"
"80795","Trips to Nassau","IN_MARKET","in_market","Travel","Trips to the Caribbean","https://developers.google.com/static/google-ads/api/data/tables/in-market-categories.csv","2026-08-09"
"80796","Trips to Puerto Rico","IN_MARKET","in_market","Travel","Trips to the Caribbean","https://developers.google.com/static/google-ads/api/data/tables/in-market-categories.csv","2026-08-09"
"80797","Trips to the Dominican Republic","IN_MARKET","in_market","Travel","Trips to the Caribbean","https://developers.google.com/static/google-ads/api/data/tables/in-market-categories.csv","2026-08-09"
"80798","Trips to Guatemala","IN_MARKET","in_market","Travel","Trips to Latin America","https://developers.google.com/static/google-ads/api/data/tables/in-market-categories.csv","2026-08-09"
"80799","Trips to Lima","IN_MARKET","in_market","Travel","Trips to Latin America","https://developers.google.com/static/google-ads/api/data/tables/in-market-categories.csv","2026-08-09"
"80800","Trips to Acapulco","IN_MARKET","in_market","Travel","Trips to Mexico","https://developers.google.com/static/google-ads/api/data/tables/in-market-categories.csv","2026-08-09"
"80801","Trips to Cancun & Playa del Carmen","IN_MARKET","in_market","Travel","Trips to Mexico","https://developers.google.com/static/google-ads/api/data/tables/in-market-categories.csv","2026-08-09"
"80802","Trips to Guadalajara","IN_MARKET","in_market","Travel","Trips to Mexico","https://developers.google.com/static/google-ads/api/data/tables/in-market-categories.csv","2026-08-09"
"80803","Trips to Los Cabos","IN_MARKET","in_market","Travel","Trips to Mexico","https://developers.google.com/static/google-ads/api/data/tables/in-market-categories.csv","2026-08-09"
"80804","Trips to Mexico City","IN_MARKET","in_market","Travel","Trips to Mexico","https://developers.google.com/static/google-ads/api/data/tables/in-market-categories.csv","2026-08-09"
"80805","Trips to Monterrey","IN_MARKET","in_market","Travel","Trips to Mexico","https://developers.google.com/static/google-ads/api/data/tables/in-market-categories.csv","2026-08-09"
"80806","Trips to Puerto Vallarta","IN_MARKET","in_market","Travel","Trips to Mexico","https://developers.google.com/static/google-ads/api/data/tables/in-market-categories.csv","2026-08-09"
"80807","Trips to Panama","IN_MARKET","in_market","Travel","Trips to Latin America","https://developers.google.com/static/google-ads/api/data/tables/in-market-categories.csv","2026-08-09"
"80808","Trips to Santiago","IN_MARKET","in_market","Travel","Trips to Latin America","https://developers.google.com/static/google-ads/api/data/tables/in-market-categories.csv","2026-08-09"
"80809","Trips to Doha","IN_MARKET","in_market","Travel","Trips to the Middle East & Africa","https://developers.google.com/static/google-ads/api/data/tables/in-market-categories.csv","2026-08-09"
"80810","Trips to Jeddah","IN_MARKET","in_market","Travel","Trips to the Middle East & Africa","https://developers.google.com/static/google-ads/api/data/tables/in-market-categories.csv","2026-08-09"
"80811","Trips to Jordan","IN_MARKET","in_market","Travel","Trips to the Middle East & Africa","https://developers.google.com/static/google-ads/api/data/tables/in-market-categories.csv","2026-08-09"
"80812","Trips to Kenya","IN_MARKET","in_market","Travel","Trips to the Middle East & Africa","https://developers.google.com/static/google-ads/api/data/tables/in-market-categories.csv","2026-08-09"
"80813","Trips to Lebanon","IN_MARKET","in_market","Travel","Trips to the Middle East & Africa","https://developers.google.com/static/google-ads/api/data/tables/in-market-categories.csv","2026-08-09"
"80814","Trips to Cape Town","IN_MARKET","in_market","Travel","Trips to South Africa","https://developers.google.com/static/google-ads/api/data/tables/in-market-categories.csv","2026-08-09"
"80815","Trips to Johannesburg","IN_MARKET","in_market","Travel","Trips to South Africa","https://developers.google.com/static/google-ads/api/data/tables/in-market-categories.csv","2026-08-09"
"80816","Trips to Tehran","IN_MARKET","in_market","Travel","Trips to the Middle East & Africa","https://developers.google.com/static/google-ads/api/data/tables/in-market-categories.csv","2026-08-09"
"80817","Trips to Abu Dhabi","IN_MARKET","in_market","Travel","Trips to the United Arab Emirates","https://developers.google.com/static/google-ads/api/data/tables/in-market-categories.csv","2026-08-09"
"80818","Trips to Dubai","IN_MARKET","in_market","Travel","Trips to the United Arab Emirates","https://developers.google.com/static/google-ads/api/data/tables/in-market-categories.csv","2026-08-09"
"80819","Trips to Canada","IN_MARKET","in_market","Travel","Trips to North America","https://developers.google.com/static/google-ads/api/data/tables/in-market-categories.csv","2026-08-09"
"80820","Trips to Calgary","IN_MARKET","in_market","Travel","Trips to Canada","https://developers.google.com/static/google-ads/api/data/tables/in-market-categories.csv","2026-08-09"
"80821","Trips to Ottawa","IN_MARKET","in_market","Travel","Trips to Canada","https://developers.google.com/static/google-ads/api/data/tables/in-market-categories.csv","2026-08-09"
"80822","Trips to the US","IN_MARKET","in_market","Travel","Trips to North America","https://developers.google.com/static/google-ads/api/data/tables/in-market-categories.csv","2026-08-09"
"80823","Trips to Alaska","IN_MARKET","in_market","Travel","Trips to the US","https://developers.google.com/static/google-ads/api/data/tables/in-market-categories.csv","2026-08-09"
"80824","Trips to Albuquerque","IN_MARKET","in_market","Travel","Trips to the US","https://developers.google.com/static/google-ads/api/data/tables/in-market-categories.csv","2026-08-09"
"80825","Trips to Atlantic City","IN_MARKET","in_market","Travel","Trips to the US","https://developers.google.com/static/google-ads/api/data/tables/in-market-categories.csv","2026-08-09"
"80826","Trips to Baltimore","IN_MARKET","in_market","Travel","Trips to the US","https://developers.google.com/static/google-ads/api/data/tables/in-market-categories.csv","2026-08-09"
"80827","Trips to Buffalo-Rochester Area","IN_MARKET","in_market","Travel","Trips to the US","https://developers.google.com/static/google-ads/api/data/tables/in-market-categories.csv","2026-08-09"
"80828","Trips to California","IN_MARKET","in_market","Travel","Trips to the US","https://developers.google.com/static/google-ads/api/data/tables/in-market-categories.csv","2026-08-09"
"80829","Trips to Charleston, SC","IN_MARKET","in_market","Travel","Trips to the US","https://developers.google.com/static/google-ads/api/data/tables/in-market-categories.csv","2026-08-09"
"80830","Trips to Cincinnati","IN_MARKET","in_market","Travel","Trips to the US","https://developers.google.com/static/google-ads/api/data/tables/in-market-categories.csv","2026-08-09"
"80831","Trips to Cleveland","IN_MARKET","in_market","Travel","Trips to the US","https://developers.google.com/static/google-ads/api/data/tables/in-market-categories.csv","2026-08-09"
"80832","Trips to Columbus","IN_MARKET","in_market","Travel","Trips to the US","https://developers.google.com/static/google-ads/api/data/tables/in-market-categories.csv","2026-08-09"
"80833","Trips to Florida","IN_MARKET","in_market","Travel","Trips to the US","https://developers.google.com/static/google-ads/api/data/tables/in-market-categories.csv","2026-08-09"
"80834","Trips to Fort Myers","IN_MARKET","in_market","Travel","Trips to Florida","https://developers.google.com/static/google-ads/api/data/tables/in-market-categories.csv","2026-08-09"
"80835","Trips to Jacksonville","IN_MARKET","in_market","Travel","Trips to Florida","https://developers.google.com/static/google-ads/api/data/tables/in-market-categories.csv","2026-08-09"
"80836","Trips to Key West","IN_MARKET","in_market","Travel","Trips to Florida","https://developers.google.com/static/google-ads/api/data/tables/in-market-categories.csv","2026-08-09"
"80837","Trips to Gatlinburg","IN_MARKET","in_market","Travel","Trips to the US","https://developers.google.com/static/google-ads/api/data/tables/in-market-categories.csv","2026-08-09"
"80838","Trips to Hartford","IN_MARKET","in_market","Travel","Trips to the US","https://developers.google.com/static/google-ads/api/data/tables/in-market-categories.csv","2026-08-09"
"80839","Trips to Maui","IN_MARKET","in_market","Travel","Trips to Hawaii","https://developers.google.com/static/google-ads/api/data/tables/in-market-categories.csv","2026-08-09"
"80840","Trips to Oahu","IN_MARKET","in_market","Travel","Trips to Hawaii","https://developers.google.com/static/google-ads/api/data/tables/in-market-categories.csv","2026-08-09"
"80841","Trips to the Big Island","IN_MARKET","in_market","Travel","Trips to Hawaii","https://developers.google.com/static/google-ads/api/data/tables/in-market-categories.csv","2026-08-09"
"80842","Trips to Indianapolis","IN_MARKET","in_market","Travel","Trips to the US","https://developers.google.com/static/google-ads/api/data/tables/in-market-categories.csv","2026-08-09"
"80843","Trips to Kansas City","IN_MARKET","in_market","Travel","Trips to the US","https://developers.google.com/static/google-ads/api/data/tables/in-market-categories.csv","2026-08-09"
"80844","Trips to Louisville","IN_MARKET","in_market","Travel","Trips to the US","https://developers.google.com/static/google-ads/api/data/tables/in-market-categories.csv","2026-08-09"
"80845","Trips to Memphis","IN_MARKET","in_market","Travel","Trips to the US","https://developers.google.com/static/google-ads/api/data/tables/in-market-categories.csv","2026-08-09"
"80846","Trips to Milwaukee","IN_MARKET","in_market","Travel","Trips to the US","https://developers.google.com/static/google-ads/api/data/tables/in-market-categories.csv","2026-08-09"
"80847","Trips to Norfolk-Virginia Beach Region","IN_MARKET","in_market","Travel","Trips to the US","https://developers.google.com/static/google-ads/api/data/tables/in-market-categories.csv","2026-08-09"
"80848","Trips to Ocean City, MD","IN_MARKET","in_market","Travel","Trips to the US","https://developers.google.com/static/google-ads/api/data/tables/in-market-categories.csv","2026-08-09"
"80849","Trips to Oklahoma City","IN_MARKET","in_market","Travel","Trips to the US","https://developers.google.com/static/google-ads/api/data/tables/in-market-categories.csv","2026-08-09"
"80850","Trips to Omaha","IN_MARKET","in_market","Travel","Trips to the US","https://developers.google.com/static/google-ads/api/data/tables/in-market-categories.csv","2026-08-09"
"80851","Trips to Pensacola","IN_MARKET","in_market","Travel","Trips to Florida","https://developers.google.com/static/google-ads/api/data/tables/in-market-categories.csv","2026-08-09"
"80852","Trips to Pittsburgh","IN_MARKET","in_market","Travel","Trips to the US","https://developers.google.com/static/google-ads/api/data/tables/in-market-categories.csv","2026-08-09"
"80853","Trips to Raleigh-Durham Area","IN_MARKET","in_market","Travel","Trips to the US","https://developers.google.com/static/google-ads/api/data/tables/in-market-categories.csv","2026-08-09"
"80854","Trips to Reno","IN_MARKET","in_market","Travel","Trips to the US","https://developers.google.com/static/google-ads/api/data/tables/in-market-categories.csv","2026-08-09"
"80855","Trips to Richmond, VA","IN_MARKET","in_market","Travel","Trips to the US","https://developers.google.com/static/google-ads/api/data/tables/in-market-categories.csv","2026-08-09"
"80856","Trips to Savannah","IN_MARKET","in_market","Travel","Trips to the US","https://developers.google.com/static/google-ads/api/data/tables/in-market-categories.csv","2026-08-09"
"80857","Trips to Tucson","IN_MARKET","in_market","Travel","Trips to the US","https://developers.google.com/static/google-ads/api/data/tables/in-market-categories.csv","2026-08-09"
"80858","Trips by Timing","IN_MARKET","in_market","Travel","Travel","https://developers.google.com/static/google-ads/api/data/tables/in-market-categories.csv","2026-08-09"
"80859","Trip in Next 48 Hours","IN_MARKET","in_market","Travel","Trips by Timing","https://developers.google.com/static/google-ads/api/data/tables/in-market-categories.csv","2026-08-09"
"80860","Trip is 2 to 7 Days Away","IN_MARKET","in_market","Travel","Trips by Timing","https://developers.google.com/static/google-ads/api/data/tables/in-market-categories.csv","2026-08-09"
"80861","Trip is More Than a Week Away","IN_MARKET","in_market","Travel","Trips by Timing","https://developers.google.com/static/google-ads/api/data/tables/in-market-categories.csv","2026-08-09"
"80862","Trips to Greenville, SC","IN_MARKET","in_market","Travel","Trips to the US","https://developers.google.com/static/google-ads/api/data/tables/in-market-categories.csv","2026-08-09"
"80863","All-Inclusive Vacations","IN_MARKET","in_market","Travel","Vacation Packages","https://developers.google.com/static/google-ads/api/data/tables/in-market-categories.csv","2026-08-09"
"80864","Guided Tours & Escorted Vacations","IN_MARKET","in_market","Travel","Vacation Packages","https://developers.google.com/static/google-ads/api/data/tables/in-market-categories.csv","2026-08-09"
"80865","Sightseeing Tours & Tourist Attractions","IN_MARKET","in_market","Travel","Travel","https://developers.google.com/static/google-ads/api/data/tables/in-market-categories.csv","2026-08-09"
"80866","Vacation Packages","IN_MARKET","in_market","Travel","Travel","https://developers.google.com/static/google-ads/api/data/tables/in-market-categories.csv","2026-08-09"
"80867","Trips to Birmingham, AL","IN_MARKET","in_market","Travel","Trips to the US","https://developers.google.com/static/google-ads/api/data/tables/in-market-categories.csv","2026-08-09"
"80868","Trips to Ankara","IN_MARKET","in_market","Travel","Trips to Turkey","https://developers.google.com/static/google-ads/api/data/tables/in-market-categories.csv","2026-08-09"
"80869","Trips to Riyadh","IN_MARKET","in_market","Travel","Trips to the Middle East & Africa","https://developers.google.com/static/google-ads/api/data/tables/in-market-categories.csv","2026-08-09"
"80870","Trips to Izmir","IN_MARKET","in_market","Travel","Trips to Turkey","https://developers.google.com/static/google-ads/api/data/tables/in-market-categories.csv","2026-08-09"
"80871","Trips to Kuwait","IN_MARKET","in_market","Travel","Trips to the Middle East & Africa","https://developers.google.com/static/google-ads/api/data/tables/in-market-categories.csv","2026-08-09"
"80872","Trips to Little Rock","IN_MARKET","in_market","Travel","Trips to the US","https://developers.google.com/static/google-ads/api/data/tables/in-market-categories.csv","2026-08-09"
"80873","Pet Supplies","IN_MARKET","in_market","Home & Garden","Home & Garden","https://developers.google.com/static/google-ads/api/data/tables/in-market-categories.csv","2026-08-09"
"80874","Arts & Crafts Supplies","IN_MARKET","in_market","","","https://developers.google.com/static/google-ads/api/data/tables/in-market-categories.csv","2026-08-09"
"80875","Musical Instruments & Accessories","IN_MARKET","in_market","","","https://developers.google.com/static/google-ads/api/data/tables/in-market-categories.csv","2026-08-09"
"80876","Fine Art","IN_MARKET","in_market","Home & Garden","Home Decor","https://developers.google.com/static/google-ads/api/data/tables/in-market-categories.csv","2026-08-09"
"80877","Necklaces","IN_MARKET","in_market","Apparel & Accessories","Fine Jewelry","https://developers.google.com/static/google-ads/api/data/tables/in-market-categories.csv","2026-08-09"
"80878","Sunglasses","IN_MARKET","in_market","Apparel & Accessories","Eyewear","https://developers.google.com/static/google-ads/api/data/tables/in-market-categories.csv","2026-08-09"
"80879","Eyewear","IN_MARKET","in_market","Apparel & Accessories","Apparel & Accessories","https://developers.google.com/static/google-ads/api/data/tables/in-market-categories.csv","2026-08-09"
"80880","Eyeglasses & Contact Lenses","IN_MARKET","in_market","Apparel & Accessories","Eyewear","https://developers.google.com/static/google-ads/api/data/tables/in-market-categories.csv","2026-08-09"
"80881","Socks","IN_MARKET","in_market","Apparel & Accessories","Apparel & Accessories","https://developers.google.com/static/google-ads/api/data/tables/in-market-categories.csv","2026-08-09"
"80882","Underwear","IN_MARKET","in_market","Apparel & Accessories","Apparel & Accessories","https://developers.google.com/static/google-ads/api/data/tables/in-market-categories.csv","2026-08-09"
"80883","Business & Industrial Products","IN_MARKET","in_market","","","https://developers.google.com/static/google-ads/api/data/tables/in-market-categories.csv","2026-08-09"
"80884","Food Service Equipment","IN_MARKET","in_market","Business & Industrial Products","Business & Industrial Products","https://developers.google.com/static/google-ads/api/data/tables/in-market-categories.csv","2026-08-09"
"80885","Material Handling Equipment","IN_MARKET","in_market","Business & Industrial Products","Business & Industrial Products","https://developers.google.com/static/google-ads/api/data/tables/in-market-categories.csv","2026-08-09"
"80886","Signage","IN_MARKET","in_market","Business & Industrial Products","Business & Industrial Products","https://developers.google.com/static/google-ads/api/data/tables/in-market-categories.csv","2026-08-09"
"80887","Work Safety Protective Gear","IN_MARKET","in_market","Business & Industrial Products","Business & Industrial Products","https://developers.google.com/static/google-ads/api/data/tables/in-market-categories.csv","2026-08-09"
"80888","Headphones & Headsets","IN_MARKET","in_market","Consumer Electronics","Audio","https://developers.google.com/static/google-ads/api/data/tables/in-market-categories.csv","2026-08-09"
"80889","Mobile Phone Accessories","IN_MARKET","in_market","Consumer Electronics","Consumer Electronics","https://developers.google.com/static/google-ads/api/data/tables/in-market-categories.csv","2026-08-09"
"80890","Batteries","IN_MARKET","in_market","Consumer Electronics","Consumer Electronics","https://developers.google.com/static/google-ads/api/data/tables/in-market-categories.csv","2026-08-09"
"80891","Food","IN_MARKET","in_market","","","https://developers.google.com/static/google-ads/api/data/tables/in-market-categories.csv","2026-08-09"
"80892","Baked Goods","IN_MARKET","in_market","Food","Food","https://developers.google.com/static/google-ads/api/data/tables/in-market-categories.csv","2026-08-09"
"80893","Cooking & Baking Ingredients","IN_MARKET","in_market","Food","Food","https://developers.google.com/static/google-ads/api/data/tables/in-market-categories.csv","2026-08-09"
"80894","Candy & Chocolate","IN_MARKET","in_market","Food","Food","https://developers.google.com/static/google-ads/api/data/tables/in-market-categories.csv","2026-08-09"
"80895","Condiments & Sauces","IN_MARKET","in_market","Food","Food","https://developers.google.com/static/google-ads/api/data/tables/in-market-categories.csv","2026-08-09"
"80896","Lawn Care & Gardening Supplies","IN_MARKET","in_market","Home & Garden","Outdoor Items","https://developers.google.com/static/google-ads/api/data/tables/in-market-categories.csv","2026-08-09"
"80897","Climate Control & Air Quality","IN_MARKET","in_market","Home & Garden","Home Appliances","https://developers.google.com/static/google-ads/api/data/tables/in-market-categories.csv","2026-08-09"
"80898","Air Conditioners","IN_MARKET","in_market","Home & Garden","Climate Control & Air Quality","https://developers.google.com/static/google-ads/api/data/tables/in-market-categories.csv","2026-08-09"
"80899","Fans","IN_MARKET","in_market","Home & Garden","Climate Control & Air Quality","https://developers.google.com/static/google-ads/api/data/tables/in-market-categories.csv","2026-08-09"
"80900","Kitchen Appliance Accessories","IN_MARKET","in_market","Home & Garden","Home Appliances","https://developers.google.com/static/google-ads/api/data/tables/in-market-categories.csv","2026-08-09"
"80901","Coffee Maker & Espresso Machine Accessories","IN_MARKET","in_market","Home & Garden","Kitchen Appliance Accessories","https://developers.google.com/static/google-ads/api/data/tables/in-market-categories.csv","2026-08-09"
"80902","Mixer & Blender Accessories","IN_MARKET","in_market","Home & Garden","Kitchen Appliance Accessories","https://developers.google.com/static/google-ads/api/data/tables/in-market-categories.csv","2026-08-09"
"80903","Refrigerator Accessories","IN_MARKET","in_market","Home & Garden","Kitchen Appliance Accessories","https://developers.google.com/static/google-ads/api/data/tables/in-market-categories.csv","2026-08-09"
"80904","Bedding","IN_MARKET","in_market","Home & Garden","Home Decor","https://developers.google.com/static/google-ads/api/data/tables/in-market-categories.csv","2026-08-09"
"80905","Curtains & Drapes","IN_MARKET","in_market","Home & Garden","Curtains & Window Treatments","https://developers.google.com/static/google-ads/api/data/tables/in-market-categories.csv","2026-08-09"
"80906","Window Blinds & Shades","IN_MARKET","in_market","Home & Garden","Curtains & Window Treatments","https://developers.google.com/static/google-ads/api/data/tables/in-market-categories.csv","2026-08-09"
"80907","Ceiling Light Fixtures","IN_MARKET","in_market","Home & Garden","Lights & Fixtures","https://developers.google.com/static/google-ads/api/data/tables/in-market-categories.csv","2026-08-09"
"80908","Wall Light Fixtures","IN_MARKET","in_market","Home & Garden","Lights & Fixtures","https://developers.google.com/static/google-ads/api/data/tables/in-market-categories.csv","2026-08-09"
"80909","Linens","IN_MARKET","in_market","Home & Garden","Home Decor","https://developers.google.com/static/google-ads/api/data/tables/in-market-categories.csv","2026-08-09"
"80910","Beds & Bed Frames","IN_MARKET","in_market","Home & Garden","Bedroom","https://developers.google.com/static/google-ads/api/data/tables/in-market-categories.csv","2026-08-09"
"80911","Mattresses","IN_MARKET","in_market","Home & Garden","Bedroom","https://developers.google.com/static/google-ads/api/data/tables/in-market-categories.csv","2026-08-09"
"80912","Desks","IN_MARKET","in_market","Home & Garden","Home Office","https://developers.google.com/static/google-ads/api/data/tables/in-market-categories.csv","2026-08-09"
"80913","Office Chairs","IN_MARKET","in_market","Home & Garden","Home Office","https://developers.google.com/static/google-ads/api/data/tables/in-market-categories.csv","2026-08-09"
"80914","Tableware","IN_MARKET","in_market","Home & Garden","Home & Garden","https://developers.google.com/static/google-ads/api/data/tables/in-market-categories.csv","2026-08-09"
"80915","Cookware & Bakeware","IN_MARKET","in_market","Home & Garden","Home & Garden","https://developers.google.com/static/google-ads/api/data/tables/in-market-categories.csv","2026-08-09"
"80916","Kitchen & Dining Room Tables","IN_MARKET","in_market","Home & Garden","Kitchen & Dining Room","https://developers.google.com/static/google-ads/api/data/tables/in-market-categories.csv","2026-08-09"
"80917","Kitchen & Dining Room Chairs","IN_MARKET","in_market","Home & Garden","Kitchen & Dining Room","https://developers.google.com/static/google-ads/api/data/tables/in-market-categories.csv","2026-08-09"
"80918","Stools","IN_MARKET","in_market","Home & Garden","Kitchen & Dining Room","https://developers.google.com/static/google-ads/api/data/tables/in-market-categories.csv","2026-08-09"
"80919","Plumbing Fixture Hardware & Parts","IN_MARKET","in_market","Home & Garden","Home Improvement","https://developers.google.com/static/google-ads/api/data/tables/in-market-categories.csv","2026-08-09"
"80920","Power & Electrical Supplies","IN_MARKET","in_market","Home & Garden","Home Improvement","https://developers.google.com/static/google-ads/api/data/tables/in-market-categories.csv","2026-08-09"
"80921","Measuring Tools & Sensors","IN_MARKET","in_market","Home & Garden","Tools","https://developers.google.com/static/google-ads/api/data/tables/in-market-categories.csv","2026-08-09"
"80922","Household Supplies","IN_MARKET","in_market","Home & Garden","Home & Garden","https://developers.google.com/static/google-ads/api/data/tables/in-market-categories.csv","2026-08-09"
"80923","Household Cleaning Supplies","IN_MARKET","in_market","Home & Garden","Household Supplies","https://developers.google.com/static/google-ads/api/data/tables/in-market-categories.csv","2026-08-09"
"80924","Pest Control Supplies","IN_MARKET","in_market","Home & Garden","Household Supplies","https://developers.google.com/static/google-ads/api/data/tables/in-market-categories.csv","2026-08-09"
"80925","BBQ & Grill Accessories","IN_MARKET","in_market","Home & Garden","Outdoor Items","https://developers.google.com/static/google-ads/api/data/tables/in-market-categories.csv","2026-08-09"
"80926","Outdoor Furniture Sets","IN_MARKET","in_market","Home & Garden","Garden & Outdoor Furniture","https://developers.google.com/static/google-ads/api/data/tables/in-market-categories.csv","2026-08-09"
"80927","Garden Sheds & Outdoor Structures","IN_MARKET","in_market","Home & Garden","Outdoor Items","https://developers.google.com/static/google-ads/api/data/tables/in-market-categories.csv","2026-08-09"
"80928","Media & Entertainment","IN_MARKET","in_market","","","https://developers.google.com/static/google-ads/api/data/tables/in-market-categories.csv","2026-08-09"
"80929","Books","IN_MARKET","in_market","Media & Entertainment","Media & Entertainment","https://developers.google.com/static/google-ads/api/data/tables/in-market-categories.csv","2026-08-09"
"80930","DVDs & Videos","IN_MARKET","in_market","Media & Entertainment","Media & Entertainment","https://developers.google.com/static/google-ads/api/data/tables/in-market-categories.csv","2026-08-09"
"80931","Video Games","IN_MARKET","in_market","Media & Entertainment","Media & Entertainment","https://developers.google.com/static/google-ads/api/data/tables/in-market-categories.csv","2026-08-09"
"80932","Audio Streaming Subscription Services","IN_MARKET","in_market","Media & Entertainment","Media & Entertainment","https://developers.google.com/static/google-ads/api/data/tables/in-market-categories.csv","2026-08-09"
"80933","TV & Video Streaming Subscription Services","IN_MARKET","in_market","Media & Entertainment","Media & Entertainment","https://developers.google.com/static/google-ads/api/data/tables/in-market-categories.csv","2026-08-09"
"80934","Power Adapters & Chargers","IN_MARKET","in_market","Consumer Electronics","Consumer Electronics","https://developers.google.com/static/google-ads/api/data/tables/in-market-categories.csv","2026-08-09"
"80935","Dog Food & Supplies","IN_MARKET","in_market","Home & Garden","Pet Supplies","https://developers.google.com/static/google-ads/api/data/tables/in-market-categories.csv","2026-08-09"
"80936","Cat Food & Supplies","IN_MARKET","in_market","Home & Garden","Pet Supplies","https://developers.google.com/static/google-ads/api/data/tables/in-market-categories.csv","2026-08-09"
"80937","Pants","IN_MARKET","in_market","Apparel & Accessories","Apparel & Accessories","https://developers.google.com/static/google-ads/api/data/tables/in-market-categories.csv","2026-08-09"
"80938","Shirts & Tops","IN_MARKET","in_market","Apparel & Accessories","Apparel & Accessories","https://developers.google.com/static/google-ads/api/data/tables/in-market-categories.csv","2026-08-09"
"80939","Shorts","IN_MARKET","in_market","Apparel & Accessories","Apparel & Accessories","https://developers.google.com/static/google-ads/api/data/tables/in-market-categories.csv","2026-08-09"
"80940","Hats","IN_MARKET","in_market","Apparel & Accessories","Apparel & Accessories","https://developers.google.com/static/google-ads/api/data/tables/in-market-categories.csv","2026-08-09"
"80941","Sofas","IN_MARKET","in_market","Home & Garden","Living Room","https://developers.google.com/static/google-ads/api/data/tables/in-market-categories.csv","2026-08-09"
"80942","Accent Tables","IN_MARKET","in_market","Home & Garden","Living Room","https://developers.google.com/static/google-ads/api/data/tables/in-market-categories.csv","2026-08-09"
"80943","Nutrition Drinks & Shakes","IN_MARKET","in_market","Sports & Fitness","Fitness Products & Services","https://developers.google.com/static/google-ads/api/data/tables/in-market-categories.csv","2026-08-09"
"80944","Food & Beverage Containers","IN_MARKET","in_market","Home & Garden","Home & Garden","https://developers.google.com/static/google-ads/api/data/tables/in-market-categories.csv","2026-08-09"
"80945","Kitchen Tools & Utensils","IN_MARKET","in_market","Home & Garden","Home & Garden","https://developers.google.com/static/google-ads/api/data/tables/in-market-categories.csv","2026-08-09"
"80946","Quilts & Comforters","IN_MARKET","in_market","Home & Garden","Bedding","https://developers.google.com/static/google-ads/api/data/tables/in-market-categories.csv","2026-08-09"
"80947","Bed Sheets","IN_MARKET","in_market","Home & Garden","Bedding","https://developers.google.com/static/google-ads/api/data/tables/in-market-categories.csv","2026-08-09"
"80948","Mattress Pads & Protectors","IN_MARKET","in_market","Home & Garden","Bedding","https://developers.google.com/static/google-ads/api/data/tables/in-market-categories.csv","2026-08-09"
"80949","Backpacks","IN_MARKET","in_market","Apparel & Accessories","Apparel & Accessories","https://developers.google.com/static/google-ads/api/data/tables/in-market-categories.csv","2026-08-09"
"80950","Political Causes (US Elections)","IN_MARKET","in_market","","","https://developers.google.com/static/google-ads/api/data/tables/in-market-categories.csv","2026-08-09"
"80951","Political Contributions (Left-Leaning US Candidates & Causes)","IN_MARKET","in_market","Political Causes (US Elections)","Political Causes (US Elections)","https://developers.google.com/static/google-ads/api/data/tables/in-market-categories.csv","2026-08-09"
"80952","Political Contributions (Right-Leaning US Candidates & Causes)","IN_MARKET","in_market","Political Causes (US Elections)","Political Causes (US Elections)","https://developers.google.com/static/google-ads/api/data/tables/in-market-categories.csv","2026-08-09"
"80953","Political Volunteering (Left-Leaning US Candidates & Causes)","IN_MARKET","in_market","Political Causes (US Elections)","Political Causes (US Elections)","https://developers.google.com/static/google-ads/api/data/tables/in-market-categories.csv","2026-08-09"
"80954","Political Volunteering (Right-Leaning US Candidates & Causes)","IN_MARKET","in_market","Political Causes (US Elections)","Political Causes (US Elections)","https://developers.google.com/static/google-ads/api/data/tables/in-market-categories.csv","2026-08-09"
"80955","Seasonal Shopping","IN_MARKET","in_market","","","https://developers.google.com/static/google-ads/api/data/tables/in-market-categories.csv","2026-08-09"
"80956","Back-to-School Shopping","IN_MARKET","in_market","Seasonal Shopping","Seasonal Shopping","https://developers.google.com/static/google-ads/api/data/tables/in-market-categories.csv","2026-08-09"
"80957","Black Friday Shopping","IN_MARKET","in_market","Seasonal Shopping","Seasonal Shopping","https://developers.google.com/static/google-ads/api/data/tables/in-market-categories.csv","2026-08-09"
"80958","Christmas Shopping","IN_MARKET","in_market","Seasonal Shopping","Seasonal Shopping","https://developers.google.com/static/google-ads/api/data/tables/in-market-categories.csv","2026-08-09"
"80959","Mother's Day Shopping","IN_MARKET","in_market","Seasonal Shopping","Seasonal Shopping","https://developers.google.com/static/google-ads/api/data/tables/in-market-categories.csv","2026-08-09"
"80960","Mother's Day Dining","IN_MARKET","in_market","Seasonal Shopping","Mother's Day Shopping","https://developers.google.com/static/google-ads/api/data/tables/in-market-categories.csv","2026-08-09"
"80961","Mother's Day Flowers & Greeting Cards","IN_MARKET","in_market","Seasonal Shopping","Mother's Day Shopping","https://developers.google.com/static/google-ads/api/data/tables/in-market-categories.csv","2026-08-09"
"80962","School Supplies","IN_MARKET","in_market","Seasonal Shopping","Back-to-School Shopping","https://developers.google.com/static/google-ads/api/data/tables/in-market-categories.csv","2026-08-09"
"80963","Back-to-School Apparel & Accessories","IN_MARKET","in_market","Seasonal Shopping","Back-to-School Shopping","https://developers.google.com/static/google-ads/api/data/tables/in-market-categories.csv","2026-08-09"
"80964","Online Black Friday Shopping","IN_MARKET","in_market","Seasonal Shopping","Black Friday Shopping","https://developers.google.com/static/google-ads/api/data/tables/in-market-categories.csv","2026-08-09"
"80965","In-Store Black Friday Shopping","IN_MARKET","in_market","Seasonal Shopping","Black Friday Shopping","https://developers.google.com/static/google-ads/api/data/tables/in-market-categories.csv","2026-08-09"
"80966","Online Christmas Shopping","IN_MARKET","in_market","Seasonal Shopping","Christmas Shopping","https://developers.google.com/static/google-ads/api/data/tables/in-market-categories.csv","2026-08-09"
"80967","In-Store Christmas Shopping","IN_MARKET","in_market","Seasonal Shopping","Christmas Shopping","https://developers.google.com/static/google-ads/api/data/tables/in-market-categories.csv","2026-08-09"
"80968","After-Christmas Sale Shopping","IN_MARKET","in_market","Seasonal Shopping","Christmas Shopping","https://developers.google.com/static/google-ads/api/data/tables/in-market-categories.csv","2026-08-09"
"80969","Grocery Delivery","IN_MARKET","in_market","Food","Food","https://developers.google.com/static/google-ads/api/data/tables/in-market-categories.csv","2026-08-09"
"80970","Restaurant Delivery & Takeout","IN_MARKET","in_market","Food","Food","https://developers.google.com/static/google-ads/api/data/tables/in-market-categories.csv","2026-08-09"
"80971","Father's Day Shopping","IN_MARKET","in_market","Seasonal Shopping","Seasonal Shopping","https://developers.google.com/static/google-ads/api/data/tables/in-market-categories.csv","2026-08-09"
"80972","Meal Kits","IN_MARKET","in_market","Food","Food","https://developers.google.com/static/google-ads/api/data/tables/in-market-categories.csv","2026-08-09"
"80973","Fast Food Meals","IN_MARKET","in_market","Food","Food","https://developers.google.com/static/google-ads/api/data/tables/in-market-categories.csv","2026-08-09"
"80974","Pizza","IN_MARKET","in_market","Food","Food","https://developers.google.com/static/google-ads/api/data/tables/in-market-categories.csv","2026-08-09"
"80975","Dairy & Eggs","IN_MARKET","in_market","Food","Food","https://developers.google.com/static/google-ads/api/data/tables/in-market-categories.csv","2026-08-09"
"80976","Produce & Farm Boxes","IN_MARKET","in_market","Food","Food","https://developers.google.com/static/google-ads/api/data/tables/in-market-categories.csv","2026-08-09"
"80977","Online Fitness Classes","IN_MARKET","in_market","Sports & Fitness","Fitness Classes & Personal Training Services","https://developers.google.com/static/google-ads/api/data/tables/in-market-categories.csv","2026-08-09"
"80978","Outdoor Toys & Play Equipment","IN_MARKET","in_market","Home & Garden","Outdoor Items","https://developers.google.com/static/google-ads/api/data/tables/in-market-categories.csv","2026-08-09"
"80979","Hair Color Products","IN_MARKET","in_market","Beauty & Personal Care","Hair Care Products","https://developers.google.com/static/google-ads/api/data/tables/in-market-categories.csv","2026-08-09"
"80980","Construction Jobs","IN_MARKET","in_market","Employment","Employment","https://developers.google.com/static/google-ads/api/data/tables/in-market-categories.csv","2026-08-09"
"80981","Manufacturing Jobs","IN_MARKET","in_market","Employment","Employment","https://developers.google.com/static/google-ads/api/data/tables/in-market-categories.csv","2026-08-09"
"80982","Agriculture Jobs","IN_MARKET","in_market","Employment","Employment","https://developers.google.com/static/google-ads/api/data/tables/in-market-categories.csv","2026-08-09"
"80983","Transportation & Utilities Jobs","IN_MARKET","in_market","Employment","Employment","https://developers.google.com/static/google-ads/api/data/tables/in-market-categories.csv","2026-08-09"
"80984","Air Purifiers","IN_MARKET","in_market","Home & Garden","Climate Control & Air Quality","https://developers.google.com/static/google-ads/api/data/tables/in-market-categories.csv","2026-08-09"
"80985","Water Purifiers","IN_MARKET","in_market","Home & Garden","Home & Garden","https://developers.google.com/static/google-ads/api/data/tables/in-market-categories.csv","2026-08-09"
"80986","House Plants","IN_MARKET","in_market","Home & Garden","Home Decor","https://developers.google.com/static/google-ads/api/data/tables/in-market-categories.csv","2026-08-09"
"80987","Razors & Shavers","IN_MARKET","in_market","Beauty & Personal Care","Beauty & Personal Care","https://developers.google.com/static/google-ads/api/data/tables/in-market-categories.csv","2026-08-09"
"80988","Soaps & Body Washes","IN_MARKET","in_market","Beauty & Personal Care","Bath & Body Products","https://developers.google.com/static/google-ads/api/data/tables/in-market-categories.csv","2026-08-09"
"80989","Body Lotions & Moisturizers","IN_MARKET","in_market","Beauty & Personal Care","Bath & Body Products","https://developers.google.com/static/google-ads/api/data/tables/in-market-categories.csv","2026-08-09"
"80990","Hand Sanitizers","IN_MARKET","in_market","Home & Garden","Household Supplies","https://developers.google.com/static/google-ads/api/data/tables/in-market-categories.csv","2026-08-09"
"80991","Deodorants","IN_MARKET","in_market","Beauty & Personal Care","Bath & Body Products","https://developers.google.com/static/google-ads/api/data/tables/in-market-categories.csv","2026-08-09"
"80992","Video Game Streaming Services","IN_MARKET","in_market","Media & Entertainment","Media & Entertainment","https://developers.google.com/static/google-ads/api/data/tables/in-market-categories.csv","2026-08-09"
"80993","Shampoos & Conditioners","IN_MARKET","in_market","Beauty & Personal Care","Hair Care Products","https://developers.google.com/static/google-ads/api/data/tables/in-market-categories.csv","2026-08-09"
"80994","Open Online Courses","IN_MARKET","in_market","Education","Education","https://developers.google.com/static/google-ads/api/data/tables/in-market-categories.csv","2026-08-09"
"80995","Gaming Peripherals & Accessories","IN_MARKET","in_market","Consumer Electronics","Consumer Electronics","https://developers.google.com/static/google-ads/api/data/tables/in-market-categories.csv","2026-08-09"
"80996","Video Chat Software","IN_MARKET","in_market","Software","Software","https://developers.google.com/static/google-ads/api/data/tables/in-market-categories.csv","2026-08-09"
"80997","Legal Education","IN_MARKET","in_market","Education","Post-Secondary Education","https://developers.google.com/static/google-ads/api/data/tables/in-market-categories.csv","2026-08-09"
"80998","Educational Resources (Preschool & Kindergarten)","IN_MARKET","in_market","Education","Education","https://developers.google.com/static/google-ads/api/data/tables/in-market-categories.csv","2026-08-09"
"80999","Educational Resources (Primary School)","IN_MARKET","in_market","Education","Education","https://developers.google.com/static/google-ads/api/data/tables/in-market-categories.csv","2026-08-09"
"81000","Educational Resources (Secondary School)","IN_MARKET","in_market","Education","Education","https://developers.google.com/static/google-ads/api/data/tables/in-market-categories.csv","2026-08-09"
"81001","Science Education","IN_MARKET","in_market","Education","Post-Secondary Education","https://developers.google.com/static/google-ads/api/data/tables/in-market-categories.csv","2026-08-09"
"81002","Leisure & Hospitality Jobs","IN_MARKET","in_market","Employment","Employment","https://developers.google.com/static/google-ads/api/data/tables/in-market-categories.csv","2026-08-09"
"81003","Freezers","IN_MARKET","in_market","Home & Garden","Home Appliances","https://developers.google.com/static/google-ads/api/data/tables/in-market-categories.csv","2026-08-09"
"81004","Bread Makers","IN_MARKET","in_market","Home & Garden","Small Appliances","https://developers.google.com/static/google-ads/api/data/tables/in-market-categories.csv","2026-08-09"
"81005","Webcams","IN_MARKET","in_market","Computers & Peripherals","Computer Accessories & Components","https://developers.google.com/static/google-ads/api/data/tables/in-market-categories.csv","2026-08-09"
"81006","Board Games","IN_MARKET","in_market","Media & Entertainment","Media & Entertainment","https://developers.google.com/static/google-ads/api/data/tables/in-market-categories.csv","2026-08-09"
"81007","Movies on Demand","IN_MARKET","in_market","Media & Entertainment","Media & Entertainment","https://developers.google.com/static/google-ads/api/data/tables/in-market-categories.csv","2026-08-09"
"81008","Pay-per-View Sporting Events","IN_MARKET","in_market","Media & Entertainment","Media & Entertainment","https://developers.google.com/static/google-ads/api/data/tables/in-market-categories.csv","2026-08-09"
"90100","Outdoor Enthusiasts","AFFINITY","affinity","Lifestyles & Hobbies","Lifestyles & Hobbies","https://developers.google.com/static/google-ads/api/data/tables/affinity-categories.csv","2026-08-09"
"90200","Sports Fans","AFFINITY","affinity","Sports & Fitness","Sports & Fitness","https://developers.google.com/static/google-ads/api/data/tables/affinity-categories.csv","2026-08-09"
"90201","Fans of American Football","AFFINITY","affinity","Sports & Fitness","Sports Fans","https://developers.google.com/static/google-ads/api/data/tables/affinity-categories.csv","2026-08-09"
"90202","Basketball Fans","AFFINITY","affinity","Sports & Fitness","Sports Fans","https://developers.google.com/static/google-ads/api/data/tables/affinity-categories.csv","2026-08-09"
"90203","Soccer Fans","AFFINITY","affinity","Sports & Fitness","Sports Fans","https://developers.google.com/static/google-ads/api/data/tables/affinity-categories.csv","2026-08-09"
"90204","Baseball Fans","AFFINITY","affinity","Sports & Fitness","Sports Fans","https://developers.google.com/static/google-ads/api/data/tables/affinity-categories.csv","2026-08-09"
"90205","Hockey Fans","AFFINITY","affinity","Sports & Fitness","Sports Fans","https://developers.google.com/static/google-ads/api/data/tables/affinity-categories.csv","2026-08-09"
"90206","Golf Enthusiasts","AFFINITY","affinity","Sports & Fitness","Sports Fans","https://developers.google.com/static/google-ads/api/data/tables/affinity-categories.csv","2026-08-09"
"90207","Tennis Enthusiasts","AFFINITY","affinity","Sports & Fitness","Sports Fans","https://developers.google.com/static/google-ads/api/data/tables/affinity-categories.csv","2026-08-09"
"90208","Racquetball Enthusiasts","AFFINITY","affinity","Sports & Fitness","Sports Fans","https://developers.google.com/static/google-ads/api/data/tables/affinity-categories.csv","2026-08-09"
"90209","Boating & Sailing Enthusiasts","AFFINITY","affinity","Sports & Fitness","Sports Fans","https://developers.google.com/static/google-ads/api/data/tables/affinity-categories.csv","2026-08-09"
"90210","Winter Sports Enthusiasts","AFFINITY","affinity","Sports & Fitness","Sports Fans","https://developers.google.com/static/google-ads/api/data/tables/affinity-categories.csv","2026-08-09"
"90211","Water Sports Enthusiasts","AFFINITY","affinity","Sports & Fitness","Sports Fans","https://developers.google.com/static/google-ads/api/data/tables/affinity-categories.csv","2026-08-09"
"90212","Swimming Enthusiasts","AFFINITY","affinity","Sports & Fitness","Sports Fans","https://developers.google.com/static/google-ads/api/data/tables/affinity-categories.csv","2026-08-09"
"90216","Running Enthusiasts","AFFINITY","affinity","Sports & Fitness","Sports Fans","https://developers.google.com/static/google-ads/api/data/tables/affinity-categories.csv","2026-08-09"
"90217","Cycling Enthusiasts","AFFINITY","affinity","Sports & Fitness","Sports Fans","https://developers.google.com/static/google-ads/api/data/tables/affinity-categories.csv","2026-08-09"
"90218","Skiing Enthusiasts","AFFINITY","affinity","Sports & Fitness","Sports Fans","https://developers.google.com/static/google-ads/api/data/tables/affinity-categories.csv","2026-08-09"
"90300","Thrill Seekers","AFFINITY","affinity","Lifestyles & Hobbies","Lifestyles & Hobbies","https://developers.google.com/static/google-ads/api/data/tables/affinity-categories.csv","2026-08-09"
"90400","Health & Fitness Buffs","AFFINITY","affinity","Sports & Fitness","Sports & Fitness","https://developers.google.com/static/google-ads/api/data/tables/affinity-categories.csv","2026-08-09"
"90600","Green Living Enthusiasts","AFFINITY","affinity","Lifestyles & Hobbies","Lifestyles & Hobbies","https://developers.google.com/static/google-ads/api/data/tables/affinity-categories.csv","2026-08-09"
"90700","Do-It-Yourselfers","AFFINITY","affinity","Home & Garden","Home & Garden","https://developers.google.com/static/google-ads/api/data/tables/affinity-categories.csv","2026-08-09"
"90800","Cooking Enthusiasts","AFFINITY","affinity","Food & Dining","Food & Dining","https://developers.google.com/static/google-ads/api/data/tables/affinity-categories.csv","2026-08-09"
"90801","30 Minute Chefs","AFFINITY","affinity","Food & Dining","Cooking Enthusiasts","https://developers.google.com/static/google-ads/api/data/tables/affinity-categories.csv","2026-08-09"
"90802","Aspiring Chefs","AFFINITY","affinity","Food & Dining","Cooking Enthusiasts","https://developers.google.com/static/google-ads/api/data/tables/affinity-categories.csv","2026-08-09"
"90900","Shutterbugs","AFFINITY","affinity","Lifestyles & Hobbies","Lifestyles & Hobbies","https://developers.google.com/static/google-ads/api/data/tables/affinity-categories.csv","2026-08-09"
"91000","Family-Focused","AFFINITY","affinity","Lifestyles & Hobbies","Lifestyles & Hobbies","https://developers.google.com/static/google-ads/api/data/tables/affinity-categories.csv","2026-08-09"
"91100","Pet Lovers","AFFINITY","affinity","Lifestyles & Hobbies","Lifestyles & Hobbies","https://developers.google.com/static/google-ads/api/data/tables/affinity-categories.csv","2026-08-09"
"91101","Cat Lovers","AFFINITY","affinity","Lifestyles & Hobbies","Pet Lovers","https://developers.google.com/static/google-ads/api/data/tables/affinity-categories.csv","2026-08-09"
"91102","Dog Lovers","AFFINITY","affinity","Lifestyles & Hobbies","Pet Lovers","https://developers.google.com/static/google-ads/api/data/tables/affinity-categories.csv","2026-08-09"
"91300","Motorcycle Enthusiasts","AFFINITY","affinity","Vehicles & Transportation","Auto Enthusiasts","https://developers.google.com/static/google-ads/api/data/tables/affinity-categories.csv","2026-08-09"
"91400","Performance & Luxury Vehicle Enthusiasts","AFFINITY","affinity","Vehicles & Transportation","Auto Enthusiasts","https://developers.google.com/static/google-ads/api/data/tables/affinity-categories.csv","2026-08-09"
"91401","Auto Enthusiasts","AFFINITY","affinity","Vehicles & Transportation","Vehicles & Transportation","https://developers.google.com/static/google-ads/api/data/tables/affinity-categories.csv","2026-08-09"
"91500","Travel Buffs","AFFINITY","affinity","Travel","Travel","https://developers.google.com/static/google-ads/api/data/tables/affinity-categories.csv","2026-08-09"
"91501","Luxury Travelers","AFFINITY","affinity","Travel","Travel Buffs","https://developers.google.com/static/google-ads/api/data/tables/affinity-categories.csv","2026-08-09"
"91502","Family Vacationers","AFFINITY","affinity","Travel","Travel Buffs","https://developers.google.com/static/google-ads/api/data/tables/affinity-categories.csv","2026-08-09"
"91504","Beachbound Travelers","AFFINITY","affinity","Travel","Travel Buffs","https://developers.google.com/static/google-ads/api/data/tables/affinity-categories.csv","2026-08-09"
"91505","Snowbound Travelers","AFFINITY","affinity","Travel","Travel Buffs","https://developers.google.com/static/google-ads/api/data/tables/affinity-categories.csv","2026-08-09"
"91600","Gamers","AFFINITY","affinity","Media & Entertainment","Media & Entertainment","https://developers.google.com/static/google-ads/api/data/tables/affinity-categories.csv","2026-08-09"
"91601","Hardcore Gamers","AFFINITY","affinity","Media & Entertainment","Gamers","https://developers.google.com/static/google-ads/api/data/tables/affinity-categories.csv","2026-08-09"
"91602","Casual & Social Gamers","AFFINITY","affinity","Media & Entertainment","Gamers","https://developers.google.com/static/google-ads/api/data/tables/affinity-categories.csv","2026-08-09"
"91700","Art & Theater Aficionados","AFFINITY","affinity","Lifestyles & Hobbies","Lifestyles & Hobbies","https://developers.google.com/static/google-ads/api/data/tables/affinity-categories.csv","2026-08-09"
"91800","Movie Lovers","AFFINITY","affinity","Media & Entertainment","Media & Entertainment","https://developers.google.com/static/google-ads/api/data/tables/affinity-categories.csv","2026-08-09"
"91801","Action & Adventure Movie Fans","AFFINITY","affinity","Media & Entertainment","Movie Lovers","https://developers.google.com/static/google-ads/api/data/tables/affinity-categories.csv","2026-08-09"
"91802","Family Movie Fans","AFFINITY","affinity","Media & Entertainment","Movie Lovers","https://developers.google.com/static/google-ads/api/data/tables/affinity-categories.csv","2026-08-09"
"91803","Comedy Movie Fans","AFFINITY","affinity","Media & Entertainment","Movie Lovers","https://developers.google.com/static/google-ads/api/data/tables/affinity-categories.csv","2026-08-09"
"91804","Horror Movie Fans","AFFINITY","affinity","Media & Entertainment","Movie Lovers","https://developers.google.com/static/google-ads/api/data/tables/affinity-categories.csv","2026-08-09"
"91805","Romance & Drama Movie Fans","AFFINITY","affinity","Media & Entertainment","Movie Lovers","https://developers.google.com/static/google-ads/api/data/tables/affinity-categories.csv","2026-08-09"
"91806","Sci-Fi & Fantasy Movie Fans","AFFINITY","affinity","Media & Entertainment","Movie Lovers","https://developers.google.com/static/google-ads/api/data/tables/affinity-categories.csv","2026-08-09"
"91900","Music Lovers","AFFINITY","affinity","Media & Entertainment","Media & Entertainment","https://developers.google.com/static/google-ads/api/data/tables/affinity-categories.csv","2026-08-09"
"91901","Pop Music Fans","AFFINITY","affinity","Media & Entertainment","Music Lovers","https://developers.google.com/static/google-ads/api/data/tables/affinity-categories.csv","2026-08-09"
"91902","Rock Music Fans","AFFINITY","affinity","Media & Entertainment","Music Lovers","https://developers.google.com/static/google-ads/api/data/tables/affinity-categories.csv","2026-08-09"
"91903","Classical Music Enthusiasts","AFFINITY","affinity","Media & Entertainment","Music Lovers","https://developers.google.com/static/google-ads/api/data/tables/affinity-categories.csv","2026-08-09"
"91904","Country Music Fans","AFFINITY","affinity","Media & Entertainment","Music Lovers","https://developers.google.com/static/google-ads/api/data/tables/affinity-categories.csv","2026-08-09"
"91905","Jazz Enthusiasts","AFFINITY","affinity","Media & Entertainment","Music Lovers","https://developers.google.com/static/google-ads/api/data/tables/affinity-categories.csv","2026-08-09"
"91906","Blues Fans","AFFINITY","affinity","Media & Entertainment","Music Lovers","https://developers.google.com/static/google-ads/api/data/tables/affinity-categories.csv","2026-08-09"
"91907","Electronic Dance Music Fans","AFFINITY","affinity","Media & Entertainment","Music Lovers","https://developers.google.com/static/google-ads/api/data/tables/affinity-categories.csv","2026-08-09"
"91908","Folk & Traditional Music Enthusiasts","AFFINITY","affinity","Media & Entertainment","Music Lovers","https://developers.google.com/static/google-ads/api/data/tables/affinity-categories.csv","2026-08-09"
"91909","Rap & Hip Hop Fans","AFFINITY","affinity","Media & Entertainment","Music Lovers","https://developers.google.com/static/google-ads/api/data/tables/affinity-categories.csv","2026-08-09"
"91910","Metalheads","AFFINITY","affinity","Media & Entertainment","Music Lovers","https://developers.google.com/static/google-ads/api/data/tables/affinity-categories.csv","2026-08-09"
"91911","Fans of Latin Music","AFFINITY","affinity","Media & Entertainment","Music Lovers","https://developers.google.com/static/google-ads/api/data/tables/affinity-categories.csv","2026-08-09"
"91912","Indie & Alternative Rock Fans","AFFINITY","affinity","Media & Entertainment","Music Lovers","https://developers.google.com/static/google-ads/api/data/tables/affinity-categories.csv","2026-08-09"
"92000","Avid News Readers","AFFINITY","affinity","News & Politics","News & Politics","https://developers.google.com/static/google-ads/api/data/tables/affinity-categories.csv","2026-08-09"
"92001","Avid World News Readers","AFFINITY","affinity","News & Politics","Avid News Readers","https://developers.google.com/static/google-ads/api/data/tables/affinity-categories.csv","2026-08-09"
"92002","Avid Business News Readers","AFFINITY","affinity","News & Politics","Avid News Readers","https://developers.google.com/static/google-ads/api/data/tables/affinity-categories.csv","2026-08-09"
"92005","Avid Local News Readers","AFFINITY","affinity","News & Politics","Avid News Readers","https://developers.google.com/static/google-ads/api/data/tables/affinity-categories.csv","2026-08-09"
"92006","Entertainment News Enthusiasts","AFFINITY","affinity","News & Politics","Avid News Readers","https://developers.google.com/static/google-ads/api/data/tables/affinity-categories.csv","2026-08-09"
"92007","Women's Media Fans","AFFINITY","affinity","News & Politics","Avid News Readers","https://developers.google.com/static/google-ads/api/data/tables/affinity-categories.csv","2026-08-09"
"92008","Men's Media Fans","AFFINITY","affinity","News & Politics","Avid News Readers","https://developers.google.com/static/google-ads/api/data/tables/affinity-categories.csv","2026-08-09"
"92300","Foodies","AFFINITY","affinity","Food & Dining","Food & Dining","https://developers.google.com/static/google-ads/api/data/tables/affinity-categories.csv","2026-08-09"
"92400","Nightlife Enthusiasts","AFFINITY","affinity","Lifestyles & Hobbies","Lifestyles & Hobbies","https://developers.google.com/static/google-ads/api/data/tables/affinity-categories.csv","2026-08-09"
"92500","Shopping Enthusiasts","AFFINITY","affinity","Shoppers","Shoppers","https://developers.google.com/static/google-ads/api/data/tables/affinity-categories.csv","2026-08-09"
"92501","Luxury Shoppers","AFFINITY","affinity","Shoppers","Shoppers","https://developers.google.com/static/google-ads/api/data/tables/affinity-categories.csv","2026-08-09"
"92502","Value Shoppers","AFFINITY","affinity","Shoppers","Shoppers","https://developers.google.com/static/google-ads/api/data/tables/affinity-categories.csv","2026-08-09"
"92503","Bargain Hunters","AFFINITY","affinity","Shoppers","Shoppers","https://developers.google.com/static/google-ads/api/data/tables/affinity-categories.csv","2026-08-09"
"92504","Fashionistas","AFFINITY","affinity","Lifestyles & Hobbies","Lifestyles & Hobbies","https://developers.google.com/static/google-ads/api/data/tables/affinity-categories.csv","2026-08-09"
"92505","Beauty Mavens","AFFINITY","affinity","Beauty & Wellness","Beauty & Wellness","https://developers.google.com/static/google-ads/api/data/tables/affinity-categories.csv","2026-08-09"
"92507","Technophiles","AFFINITY","affinity","Technology","Technology","https://developers.google.com/static/google-ads/api/data/tables/affinity-categories.csv","2026-08-09"
"92508","Home Decor Enthusiasts","AFFINITY","affinity","Home & Garden","Home & Garden","https://developers.google.com/static/google-ads/api/data/tables/affinity-categories.csv","2026-08-09"
"92601","Avid Investors","AFFINITY","affinity","Banking & Finance","Banking & Finance","https://developers.google.com/static/google-ads/api/data/tables/affinity-categories.csv","2026-08-09"
"92702","Avid Political News Readers","AFFINITY","affinity","News & Politics","Avid News Readers","https://developers.google.com/static/google-ads/api/data/tables/affinity-categories.csv","2026-08-09"
"92800","TV Lovers","AFFINITY","affinity","Media & Entertainment","Media & Entertainment","https://developers.google.com/static/google-ads/api/data/tables/affinity-categories.csv","2026-08-09"
"92801","Documentary & Nonfiction TV Fans","AFFINITY","affinity","Media & Entertainment","TV Lovers","https://developers.google.com/static/google-ads/api/data/tables/affinity-categories.csv","2026-08-09"
"92802","TV Drama Fans","AFFINITY","affinity","Media & Entertainment","TV Lovers","https://developers.google.com/static/google-ads/api/data/tables/affinity-categories.csv","2026-08-09"
"92803","Family Television Fans","AFFINITY","affinity","Media & Entertainment","TV Lovers","https://developers.google.com/static/google-ads/api/data/tables/affinity-categories.csv","2026-08-09"
"92804","Game, Reality & Talk Show Fans","AFFINITY","affinity","Media & Entertainment","TV Lovers","https://developers.google.com/static/google-ads/api/data/tables/affinity-categories.csv","2026-08-09"
"92805","Sci-Fi & Fantasy TV Fans","AFFINITY","affinity","Media & Entertainment","TV Lovers","https://developers.google.com/static/google-ads/api/data/tables/affinity-categories.csv","2026-08-09"
"92806","TV Comedy Fans","AFFINITY","affinity","Media & Entertainment","TV Lovers","https://developers.google.com/static/google-ads/api/data/tables/affinity-categories.csv","2026-08-09"
"92900","Fast Food Cravers","AFFINITY","affinity","Food & Dining","Food & Dining","https://developers.google.com/static/google-ads/api/data/tables/affinity-categories.csv","2026-08-09"
"92901","Shoppers","AFFINITY","affinity","","","https://developers.google.com/static/google-ads/api/data/tables/affinity-categories.csv","2026-08-09"
"92902","Fight & Wrestling Fans","AFFINITY","affinity","Sports & Fitness","Sports Fans","https://developers.google.com/static/google-ads/api/data/tables/affinity-categories.csv","2026-08-09"
"92903","Motor Sports Enthusiasts","AFFINITY","affinity","Sports & Fitness","Sports Fans","https://developers.google.com/static/google-ads/api/data/tables/affinity-categories.csv","2026-08-09"
"92904","Action Game Fans","AFFINITY","affinity","Media & Entertainment","Gamers","https://developers.google.com/static/google-ads/api/data/tables/affinity-categories.csv","2026-08-09"
"92905","Adventure & Strategy Game Fans","AFFINITY","affinity","Media & Entertainment","Gamers","https://developers.google.com/static/google-ads/api/data/tables/affinity-categories.csv","2026-08-09"
"92906","Driving & Racing Game Fans","AFFINITY","affinity","Media & Entertainment","Gamers","https://developers.google.com/static/google-ads/api/data/tables/affinity-categories.csv","2026-08-09"
"92907","Roleplaying Game Fans","AFFINITY","affinity","Media & Entertainment","Gamers","https://developers.google.com/static/google-ads/api/data/tables/affinity-categories.csv","2026-08-09"
"92908","Shooter Game Fans","AFFINITY","affinity","Media & Entertainment","Gamers","https://developers.google.com/static/google-ads/api/data/tables/affinity-categories.csv","2026-08-09"
"92909","Sports Game Fans","AFFINITY","affinity","Media & Entertainment","Gamers","https://developers.google.com/static/google-ads/api/data/tables/affinity-categories.csv","2026-08-09"
"92910","Mobile Enthusiasts","AFFINITY","affinity","Technology","Technology","https://developers.google.com/static/google-ads/api/data/tables/affinity-categories.csv","2026-08-09"
"92911","Social Media Enthusiasts","AFFINITY","affinity","Technology","Technology","https://developers.google.com/static/google-ads/api/data/tables/affinity-categories.csv","2026-08-09"
"92912","Truck & SUV Enthusiasts","AFFINITY","affinity","Vehicles & Transportation","Auto Enthusiasts","https://developers.google.com/static/google-ads/api/data/tables/affinity-categories.csv","2026-08-09"
"92913","Business Professionals","AFFINITY","affinity","Lifestyles & Hobbies","Lifestyles & Hobbies","https://developers.google.com/static/google-ads/api/data/tables/affinity-categories.csv","2026-08-09"
"92914","Comics & Animation Fans","AFFINITY","affinity","Media & Entertainment","Media & Entertainment","https://developers.google.com/static/google-ads/api/data/tables/affinity-categories.csv","2026-08-09"
"92915","World Music Fans","AFFINITY","affinity","Media & Entertainment","Music Lovers","https://developers.google.com/static/google-ads/api/data/tables/affinity-categories.csv","2026-08-09"
"92916","Fans of South Asian Film","AFFINITY","affinity","Media & Entertainment","Movie Lovers","https://developers.google.com/static/google-ads/api/data/tables/affinity-categories.csv","2026-08-09"
"92917","Cricket Enthusiasts","AFFINITY","affinity","Sports & Fitness","Sports Fans","https://developers.google.com/static/google-ads/api/data/tables/affinity-categories.csv","2026-08-09"
"92918","Rugby Enthusiasts","AFFINITY","affinity","Sports & Fitness","Sports Fans","https://developers.google.com/static/google-ads/api/data/tables/affinity-categories.csv","2026-08-09"
"92919","Fans of Australian Football","AFFINITY","affinity","Sports & Fitness","Sports Fans","https://developers.google.com/static/google-ads/api/data/tables/affinity-categories.csv","2026-08-09"
"92920","Potential US Voters","AFFINITY","affinity","News & Politics","News & Politics","https://developers.google.com/static/google-ads/api/data/tables/affinity-categories.csv","2026-08-09"
"92921","Left-Leaning (Potential US Voters)","AFFINITY","affinity","News & Politics","Potential US Voters","https://developers.google.com/static/google-ads/api/data/tables/affinity-categories.csv","2026-08-09"
"92922","Right-Leaning (Potential US Voters)","AFFINITY","affinity","News & Politics","Potential US Voters","https://developers.google.com/static/google-ads/api/data/tables/affinity-categories.csv","2026-08-09"
"92923","Book Lovers","AFFINITY","affinity","Media & Entertainment","Media & Entertainment","https://developers.google.com/static/google-ads/api/data/tables/affinity-categories.csv","2026-08-09"
"92924","Business Travelers","AFFINITY","affinity","Travel","Travel","https://developers.google.com/static/google-ads/api/data/tables/affinity-categories.csv","2026-08-09"
"92925","Audiophiles","AFFINITY","affinity","Technology","Technophiles","https://developers.google.com/static/google-ads/api/data/tables/affinity-categories.csv","2026-08-09"
"92926","Home Automation Enthusiasts","AFFINITY","affinity","Technology","Technophiles","https://developers.google.com/static/google-ads/api/data/tables/affinity-categories.csv","2026-08-09"
"92927","High-End Computer Aficionados","AFFINITY","affinity","Technology","Technophiles","https://developers.google.com/static/google-ads/api/data/tables/affinity-categories.csv","2026-08-09"
"92928","Cruise Fans","AFFINITY","affinity","Travel","Travel Buffs","https://developers.google.com/static/google-ads/api/data/tables/affinity-categories.csv","2026-08-09"
"92929","Timeshare Owners","AFFINITY","affinity","Travel","Travel Buffs","https://developers.google.com/static/google-ads/api/data/tables/affinity-categories.csv","2026-08-09"
"92930","Light TV Viewers","AFFINITY","affinity","Media & Entertainment","Media & Entertainment","https://developers.google.com/static/google-ads/api/data/tables/affinity-categories.csv","2026-08-09"
"92931","Cloud Services Power Users","AFFINITY","affinity","Technology","Technophiles","https://developers.google.com/static/google-ads/api/data/tables/affinity-categories.csv","2026-08-09"
"92932","Gardening Enthusiasts","AFFINITY","affinity","Home & Garden","Home & Garden","https://developers.google.com/static/google-ads/api/data/tables/affinity-categories.csv","2026-08-09"
"92933","Independent Film Fans","AFFINITY","affinity","Media & Entertainment","Movie Lovers","https://developers.google.com/static/google-ads/api/data/tables/affinity-categories.csv","2026-08-09"
"92934","Documentary Film Fans","AFFINITY","affinity","Media & Entertainment","Movie Lovers","https://developers.google.com/static/google-ads/api/data/tables/affinity-categories.csv","2026-08-09"
"92935","Live Sports Viewers","AFFINITY","affinity","Media & Entertainment","Viewership Behavior","https://developers.google.com/static/google-ads/api/data/tables/affinity-categories.csv","2026-08-09"
"92936","Travel TV Fans","AFFINITY","affinity","Media & Entertainment","TV Lovers","https://developers.google.com/static/google-ads/api/data/tables/affinity-categories.csv","2026-08-09"
"92937","Home & Real Estate TV Fans","AFFINITY","affinity","Media & Entertainment","TV Lovers","https://developers.google.com/static/google-ads/api/data/tables/affinity-categories.csv","2026-08-09"
"92938","Recreational Baseball & Softball Players","AFFINITY","affinity","Sports & Fitness","Baseball Fans","https://developers.google.com/static/google-ads/api/data/tables/affinity-categories.csv","2026-08-09"
"92939","Recreational Soccer Players","AFFINITY","affinity","Sports & Fitness","Soccer Fans","https://developers.google.com/static/google-ads/api/data/tables/affinity-categories.csv","2026-08-09"
"92940","Recreational Basketball Players","AFFINITY","affinity","Sports & Fitness","Basketball Fans","https://developers.google.com/static/google-ads/api/data/tables/affinity-categories.csv","2026-08-09"
"92941","TV Western Fans","AFFINITY","affinity","Media & Entertainment","TV Lovers","https://developers.google.com/static/google-ads/api/data/tables/affinity-categories.csv","2026-08-09"
"92942","Food & Cooking TV Show Fans","AFFINITY","affinity","Media & Entertainment","TV Lovers","https://developers.google.com/static/google-ads/api/data/tables/affinity-categories.csv","2026-08-09"
"92943","Yoga Lovers","AFFINITY","affinity","Sports & Fitness","Health & Fitness Buffs","https://developers.google.com/static/google-ads/api/data/tables/affinity-categories.csv","2026-08-09"
"92944","Avid Fishers","AFFINITY","affinity","Lifestyles & Hobbies","Outdoor Enthusiasts","https://developers.google.com/static/google-ads/api/data/tables/affinity-categories.csv","2026-08-09"
"92945","Travel","AFFINITY","affinity","","","https://developers.google.com/static/google-ads/api/data/tables/affinity-categories.csv","2026-08-09"
"92946","Home & Garden","AFFINITY","affinity","","","https://developers.google.com/static/google-ads/api/data/tables/affinity-categories.csv","2026-08-09"
"92947","Lifestyles & Hobbies","AFFINITY","affinity","","","https://developers.google.com/static/google-ads/api/data/tables/affinity-categories.csv","2026-08-09"
"92948","Technology","AFFINITY","affinity","","","https://developers.google.com/static/google-ads/api/data/tables/affinity-categories.csv","2026-08-09"
"92949","News & Politics","AFFINITY","affinity","","","https://developers.google.com/static/google-ads/api/data/tables/affinity-categories.csv","2026-08-09"
"92950","Sports & Fitness","AFFINITY","affinity","","","https://developers.google.com/static/google-ads/api/data/tables/affinity-categories.csv","2026-08-09"
"92951","Transportation Modes","AFFINITY","affinity","Vehicles & Transportation","Vehicles & Transportation","https://developers.google.com/static/google-ads/api/data/tables/affinity-categories.csv","2026-08-09"
"92952","Shoppers by Store Type","AFFINITY","affinity","Shoppers","Shoppers","https://developers.google.com/static/google-ads/api/data/tables/affinity-categories.csv","2026-08-09"
"92953","Undecided (Potential US Voters)","AFFINITY","affinity","News & Politics","Potential US Voters","https://developers.google.com/static/google-ads/api/data/tables/affinity-categories.csv","2026-08-09"
"92954","Olympics Fans","AFFINITY","affinity","Sports & Fitness","Sports Fans","https://developers.google.com/static/google-ads/api/data/tables/affinity-categories.csv","2026-08-09"
"92955","Vegetarians & Vegans","AFFINITY","affinity","Food & Dining","Food & Dining","https://developers.google.com/static/google-ads/api/data/tables/affinity-categories.csv","2026-08-09"
"92956","Vegans","AFFINITY","affinity","Food & Dining","Vegetarians & Vegans","https://developers.google.com/static/google-ads/api/data/tables/affinity-categories.csv","2026-08-09"
"92957","Prefers Organic Food","AFFINITY","affinity","Food & Dining","Food & Dining","https://developers.google.com/static/google-ads/api/data/tables/affinity-categories.csv","2026-08-09"
"92958","Mindfulness & Meditation Enthusiasts","AFFINITY","affinity","Lifestyles & Hobbies","Lifestyles & Hobbies","https://developers.google.com/static/google-ads/api/data/tables/affinity-categories.csv","2026-08-09"
"92959","Homeschooling Parents","AFFINITY","affinity","Lifestyles & Hobbies","Family-Focused","https://developers.google.com/static/google-ads/api/data/tables/affinity-categories.csv","2026-08-09"
"92960","Charitable Donors & Volunteers","AFFINITY","affinity","Lifestyles & Hobbies","Lifestyles & Hobbies","https://developers.google.com/static/google-ads/api/data/tables/affinity-categories.csv","2026-08-09"
"92961","PC Gamers","AFFINITY","affinity","Media & Entertainment","Gamers","https://developers.google.com/static/google-ads/api/data/tables/affinity-categories.csv","2026-08-09"
"92962","Console Gamers","AFFINITY","affinity","Media & Entertainment","Gamers","https://developers.google.com/static/google-ads/api/data/tables/affinity-categories.csv","2026-08-09"
"92963","Esports Fans","AFFINITY","affinity","Media & Entertainment","Gamers","https://developers.google.com/static/google-ads/api/data/tables/affinity-categories.csv","2026-08-09"
"92964","Weightlifters","AFFINITY","affinity","Sports & Fitness","Health & Fitness Buffs","https://developers.google.com/static/google-ads/api/data/tables/affinity-categories.csv","2026-08-09"
"92965","Fans of New & Upcoming Video Games","AFFINITY","affinity","Media & Entertainment","Gamers","https://developers.google.com/static/google-ads/api/data/tables/affinity-categories.csv","2026-08-09"
"92966","Fans of New & Upcoming Movies","AFFINITY","affinity","Media & Entertainment","Movie Lovers","https://developers.google.com/static/google-ads/api/data/tables/affinity-categories.csv","2026-08-09"
"92967","Consumer Moments","AFFINITY","affinity","","","https://developers.google.com/static/google-ads/api/data/tables/affinity-categories.csv","2026-08-09"
"92968","Connecting","AFFINITY","affinity","Consumer Moments","Consumer Moments","https://developers.google.com/static/google-ads/api/data/tables/affinity-categories.csv","2026-08-09"
"92969","Creating","AFFINITY","affinity","Consumer Moments","Consumer Moments","https://developers.google.com/static/google-ads/api/data/tables/affinity-categories.csv","2026-08-09"
"92970","Laughing","AFFINITY","affinity","Consumer Moments","Consumer Moments","https://developers.google.com/static/google-ads/api/data/tables/affinity-categories.csv","2026-08-09"
"92971","Learning","AFFINITY","affinity","Consumer Moments","Consumer Moments","https://developers.google.com/static/google-ads/api/data/tables/affinity-categories.csv","2026-08-09"
"92972","Positivity","AFFINITY","affinity","Consumer Moments","Consumer Moments","https://developers.google.com/static/google-ads/api/data/tables/affinity-categories.csv","2026-08-09"
"92973","Planning","AFFINITY","affinity","Consumer Moments","Consumer Moments","https://developers.google.com/static/google-ads/api/data/tables/affinity-categories.csv","2026-08-09"
"92974","Problem-Solving","AFFINITY","affinity","Consumer Moments","Consumer Moments","https://developers.google.com/static/google-ads/api/data/tables/affinity-categories.csv","2026-08-09"
"92975","Viewership Behavior","AFFINITY","affinity","Media & Entertainment","Media & Entertainment","https://developers.google.com/static/google-ads/api/data/tables/affinity-categories.csv","2026-08-09"
"92976","Cord Cutters","AFFINITY","affinity","Media & Entertainment","Viewership Behavior","https://developers.google.com/static/google-ads/api/data/tables/affinity-categories.csv","2026-08-09"
"92977","Cord Nevers","AFFINITY","affinity","Media & Entertainment","Viewership Behavior","https://developers.google.com/static/google-ads/api/data/tables/affinity-categories.csv","2026-08-09"
"92978","Heavy Streaming Content Viewers","AFFINITY","affinity","Media & Entertainment","Viewership Behavior","https://developers.google.com/static/google-ads/api/data/tables/affinity-categories.csv","2026-08-09"
"92979","Light Streaming Content Viewers","AFFINITY","affinity","Media & Entertainment","Viewership Behavior","https://developers.google.com/static/google-ads/api/data/tables/affinity-categories.csv","2026-08-09"
"92980","Live Sports Viewers on Cable or Broadcast TV","AFFINITY","affinity","Media & Entertainment","Live Sports Viewers","https://developers.google.com/static/google-ads/api/data/tables/affinity-categories.csv","2026-08-09"
"92981","Live Sports Viewers on Streaming Services","AFFINITY","affinity","Media & Entertainment","Live Sports Viewers","https://developers.google.com/static/google-ads/api/data/tables/affinity-categories.csv","2026-08-09"
"93001","Consumer Patterns","AFFINITY","affinity","","","https://developers.google.com/static/google-ads/api/data/tables/affinity-categories.csv","2026-08-09"
"93002","Food & Dining","AFFINITY","affinity","","","https://developers.google.com/static/google-ads/api/data/tables/affinity-categories.csv","2026-08-09"
"93003","Frequently Dines Out","AFFINITY","affinity","Food & Dining","Food & Dining","https://developers.google.com/static/google-ads/api/data/tables/affinity-categories.csv","2026-08-09"
"93004","Frequently Eats Breakfast Out","AFFINITY","affinity","Food & Dining","Diners by Meal","https://developers.google.com/static/google-ads/api/data/tables/affinity-categories.csv","2026-08-09"
"93005","Frequently Eats Dinner Out","AFFINITY","affinity","Food & Dining","Diners by Meal","https://developers.google.com/static/google-ads/api/data/tables/affinity-categories.csv","2026-08-09"
"93006","Frequently Eats Lunch Out","AFFINITY","affinity","Food & Dining","Diners by Meal","https://developers.google.com/static/google-ads/api/data/tables/affinity-categories.csv","2026-08-09"
"93007","Coffee Shop Regulars","AFFINITY","affinity","Food & Dining","Food & Dining","https://developers.google.com/static/google-ads/api/data/tables/affinity-categories.csv","2026-08-09"
"93008","Frequently Attends Live Events","AFFINITY","affinity","Lifestyles & Hobbies","Lifestyles & Hobbies","https://developers.google.com/static/google-ads/api/data/tables/affinity-categories.csv","2026-08-09"
"93009","Frequently Visits Salons","AFFINITY","affinity","Beauty & Wellness","Beauty & Wellness","https://developers.google.com/static/google-ads/api/data/tables/affinity-categories.csv","2026-08-09"
"93010","Shopping Patterns","AFFINITY","affinity","Shoppers","Shoppers","https://developers.google.com/static/google-ads/api/data/tables/affinity-categories.csv","2026-08-09"
"93011","Superstore Shoppers","AFFINITY","affinity","Shoppers","Shoppers by Store Type","https://developers.google.com/static/google-ads/api/data/tables/affinity-categories.csv","2026-08-09"
"93012","Superstore Shoppers (Offline)","AFFINITY","affinity","Shoppers","Superstore Shoppers","https://developers.google.com/static/google-ads/api/data/tables/affinity-categories.csv","2026-08-09"
"93013","Superstore Shoppers (Online)","AFFINITY","affinity","Shoppers","Superstore Shoppers","https://developers.google.com/static/google-ads/api/data/tables/affinity-categories.csv","2026-08-09"
"93014","Convenience Store Shoppers","AFFINITY","affinity","Shoppers","Shoppers by Store Type","https://developers.google.com/static/google-ads/api/data/tables/affinity-categories.csv","2026-08-09"
"93015","Department Store Shoppers","AFFINITY","affinity","Shoppers","Shoppers by Store Type","https://developers.google.com/static/google-ads/api/data/tables/affinity-categories.csv","2026-08-09"
"93016","Grocery Shoppers","AFFINITY","affinity","Shoppers","Shoppers by Store Type","https://developers.google.com/static/google-ads/api/data/tables/affinity-categories.csv","2026-08-09"
"93017","Banking & Finance","AFFINITY","affinity","","","https://developers.google.com/static/google-ads/api/data/tables/affinity-categories.csv","2026-08-09"
"93018","Banks Online","AFFINITY","affinity","Banking & Finance","Banking & Finance","https://developers.google.com/static/google-ads/api/data/tables/affinity-categories.csv","2026-08-09"
"93019","Banks In-Person","AFFINITY","affinity","Banking & Finance","Banking & Finance","https://developers.google.com/static/google-ads/api/data/tables/affinity-categories.csv","2026-08-09"
"93020","Seeks Investment Advice","AFFINITY","affinity","Banking & Finance","Banking & Finance","https://developers.google.com/static/google-ads/api/data/tables/affinity-categories.csv","2026-08-09"
"93021","Frequently Orders In","AFFINITY","affinity","Food & Dining","Food & Dining","https://developers.google.com/static/google-ads/api/data/tables/affinity-categories.csv","2026-08-09"
"93022","Diners by Restaurant Type","AFFINITY","affinity","Food & Dining","Frequently Dines Out","https://developers.google.com/static/google-ads/api/data/tables/affinity-categories.csv","2026-08-09"
"93023","Frequents Fine Dining Restaurants","AFFINITY","affinity","Food & Dining","Diners by Restaurant Type","https://developers.google.com/static/google-ads/api/data/tables/affinity-categories.csv","2026-08-09"
"93024","Frequents Fast Food Restaurants","AFFINITY","affinity","Food & Dining","Diners by Restaurant Type","https://developers.google.com/static/google-ads/api/data/tables/affinity-categories.csv","2026-08-09"
"93025","Frequents Fast Casual Restaurants","AFFINITY","affinity","Food & Dining","Diners by Restaurant Type","https://developers.google.com/static/google-ads/api/data/tables/affinity-categories.csv","2026-08-09"
"93026","Frequent Moviegoers","AFFINITY","affinity","Media & Entertainment","Movie Lovers","https://developers.google.com/static/google-ads/api/data/tables/affinity-categories.csv","2026-08-09"
"93027","Weekend Road Trippers","AFFINITY","affinity","Vehicles & Transportation","Vehicles & Transportation","https://developers.google.com/static/google-ads/api/data/tables/affinity-categories.csv","2026-08-09"
"93028","Vehicles & Transportation","AFFINITY","affinity","","","https://developers.google.com/static/google-ads/api/data/tables/affinity-categories.csv","2026-08-09"
"93029","Motorists","AFFINITY","affinity","Vehicles & Transportation","Transportation Modes","https://developers.google.com/static/google-ads/api/data/tables/affinity-categories.csv","2026-08-09"
"93030","Public Transit Users","AFFINITY","affinity","Vehicles & Transportation","Transportation Modes","https://developers.google.com/static/google-ads/api/data/tables/affinity-categories.csv","2026-08-09"
"93031","Taxi Service Users","AFFINITY","affinity","Vehicles & Transportation","Transportation Modes","https://developers.google.com/static/google-ads/api/data/tables/affinity-categories.csv","2026-08-09"
"93032","Frequents Casual Dining Restaurants","AFFINITY","affinity","Food & Dining","Diners by Restaurant Type","https://developers.google.com/static/google-ads/api/data/tables/affinity-categories.csv","2026-08-09"
"93033","Diners by Meal","AFFINITY","affinity","Food & Dining","Frequently Dines Out","https://developers.google.com/static/google-ads/api/data/tables/affinity-categories.csv","2026-08-09"
"93034","Media & Entertainment","AFFINITY","affinity","","","https://developers.google.com/static/google-ads/api/data/tables/affinity-categories.csv","2026-08-09"
"93035","Values Cash Back Offers","AFFINITY","affinity","Banking & Finance","Credit Card Preferences","https://developers.google.com/static/google-ads/api/data/tables/affinity-categories.csv","2026-08-09"
"93036","Apparel Buying Habits","AFFINITY","affinity","Shoppers","Shoppers","https://developers.google.com/static/google-ads/api/data/tables/affinity-categories.csv","2026-08-09"
"93037","Regularly Purchases Women's Apparel","AFFINITY","affinity","Shoppers","Apparel Buying Habits","https://developers.google.com/static/google-ads/api/data/tables/affinity-categories.csv","2026-08-09"
"93038","Regularly Purchases Men's Apparel","AFFINITY","affinity","Shoppers","Apparel Buying Habits","https://developers.google.com/static/google-ads/api/data/tables/affinity-categories.csv","2026-08-09"
"93039","Regularly Purchases Children's Apparel","AFFINITY","affinity","Shoppers","Apparel Buying Habits","https://developers.google.com/static/google-ads/api/data/tables/affinity-categories.csv","2026-08-09"
"93040","Beauty & Wellness","AFFINITY","affinity","","","https://developers.google.com/static/google-ads/api/data/tables/affinity-categories.csv","2026-08-09"
"93041","Vehicle Buying Preferences","AFFINITY","affinity","Vehicles & Transportation","Vehicles & Transportation","https://developers.google.com/static/google-ads/api/data/tables/affinity-categories.csv","2026-08-09"
"93042","Prioritizes Vehicle Reliability","AFFINITY","affinity","Vehicles & Transportation","Vehicle Buying Preferences","https://developers.google.com/static/google-ads/api/data/tables/affinity-categories.csv","2026-08-09"
"93043","Prioritizes Vehicle Appearance","AFFINITY","affinity","Vehicles & Transportation","Vehicle Buying Preferences","https://developers.google.com/static/google-ads/api/data/tables/affinity-categories.csv","2026-08-09"
"93044","Prioritizes Vehicle Safety","AFFINITY","affinity","Vehicles & Transportation","Vehicle Buying Preferences","https://developers.google.com/static/google-ads/api/data/tables/affinity-categories.csv","2026-08-09"
"93045","Prioritizes Vehicle Fuel Efficiency","AFFINITY","affinity","Vehicles & Transportation","Vehicle Buying Preferences","https://developers.google.com/static/google-ads/api/data/tables/affinity-categories.csv","2026-08-09"
"93046","Prioritizes Vehicle Performance","AFFINITY","affinity","Vehicles & Transportation","Vehicle Buying Preferences","https://developers.google.com/static/google-ads/api/data/tables/affinity-categories.csv","2026-08-09"
"93047","Prioritizes Vehicle Price","AFFINITY","affinity","Vehicles & Transportation","Vehicle Buying Preferences","https://developers.google.com/static/google-ads/api/data/tables/affinity-categories.csv","2026-08-09"
"93048","Credit Card Preferences","AFFINITY","affinity","Banking & Finance","Banking & Finance","https://developers.google.com/static/google-ads/api/data/tables/affinity-categories.csv","2026-08-09"
"93049","Values Points & Miles","AFFINITY","affinity","Banking & Finance","Credit Card Preferences","https://developers.google.com/static/google-ads/api/data/tables/affinity-categories.csv","2026-08-09"
"93050","Has Many Credit Cards","AFFINITY","affinity","Banking & Finance","Credit Card Preferences","https://developers.google.com/static/google-ads/api/data/tables/affinity-categories.csv","2026-08-09"
"93051","Has Few Credit Cards","AFFINITY","affinity","Banking & Finance","Credit Card Preferences","https://developers.google.com/static/google-ads/api/data/tables/affinity-categories.csv","2026-08-09"
"93052","Values Low APRs","AFFINITY","affinity","Banking & Finance","Credit Card Preferences","https://developers.google.com/static/google-ads/api/data/tables/affinity-categories.csv","2026-08-09"
"93053","Inactive Social Media Users","AFFINITY","affinity","Technology","Technology","https://developers.google.com/static/google-ads/api/data/tables/affinity-categories.csv","2026-08-09"
"94001","College Graduation","AFFINITY","affinity","Life Events","Life Events","https://developers.google.com/static/google-ads/api/data/tables/affinity-categories.csv","2026-08-09"
"94002","Marriage","AFFINITY","affinity","Life Events","Life Events","https://developers.google.com/static/google-ads/api/data/tables/affinity-categories.csv","2026-08-09"
"94003","Moving","AFFINITY","affinity","Life Events","Life Events","https://developers.google.com/static/google-ads/api/data/tables/affinity-categories.csv","2026-08-09"
"94004","Graduating Soon","AFFINITY","affinity","Life Events","College Graduation","https://developers.google.com/static/google-ads/api/data/tables/affinity-categories.csv","2026-08-09"
"94005","Recently Graduated","AFFINITY","affinity","Life Events","College Graduation","https://developers.google.com/static/google-ads/api/data/tables/affinity-categories.csv","2026-08-09"
"94006","Getting Married Soon","AFFINITY","affinity","Life Events","Marriage","https://developers.google.com/static/google-ads/api/data/tables/affinity-categories.csv","2026-08-09"
"94007","Recently Married","AFFINITY","affinity","Life Events","Marriage","https://developers.google.com/static/google-ads/api/data/tables/affinity-categories.csv","2026-08-09"
"94008","Moving Soon","AFFINITY","affinity","Life Events","Moving","https://developers.google.com/static/google-ads/api/data/tables/affinity-categories.csv","2026-08-09"
"94009","Recently Moved","AFFINITY","affinity","Life Events","Moving","https://developers.google.com/static/google-ads/api/data/tables/affinity-categories.csv","2026-08-09"
"94010","Life Events","AFFINITY","affinity","","","https://developers.google.com/static/google-ads/api/data/tables/affinity-categories.csv","2026-08-09"
"94011","Retirement","AFFINITY","affinity","Life Events","Life Events","https://developers.google.com/static/google-ads/api/data/tables/affinity-categories.csv","2026-08-09"
"94012","Retiring Soon","AFFINITY","affinity","Life Events","Retirement","https://developers.google.com/static/google-ads/api/data/tables/affinity-categories.csv","2026-08-09"
"94013","Recently Retired","AFFINITY","affinity","Life Events","Retirement","https://developers.google.com/static/google-ads/api/data/tables/affinity-categories.csv","2026-08-09"
"94014","Recently Engaged","AFFINITY","affinity","Life Events","Marriage","https://developers.google.com/static/google-ads/api/data/tables/affinity-categories.csv","2026-08-09"
"94015","Home Renovation","AFFINITY","affinity","Life Events","Life Events","https://developers.google.com/static/google-ads/api/data/tables/affinity-categories.csv","2026-08-09"
"94016","Recently Renovated Home","AFFINITY","affinity","Life Events","Home Renovation","https://developers.google.com/static/google-ads/api/data/tables/affinity-categories.csv","2026-08-09"
"94017","Renovating Home Soon","AFFINITY","affinity","Life Events","Home Renovation","https://developers.google.com/static/google-ads/api/data/tables/affinity-categories.csv","2026-08-09"
"94018","New Pet","AFFINITY","affinity","Life Events","Life Events","https://developers.google.com/static/google-ads/api/data/tables/affinity-categories.csv","2026-08-09"
"94019","Recently Added Dog to Household","AFFINITY","affinity","Life Events","New Pet","https://developers.google.com/static/google-ads/api/data/tables/affinity-categories.csv","2026-08-09"
"94020","Recently Added Cat to Household","AFFINITY","affinity","Life Events","New Pet","https://developers.google.com/static/google-ads/api/data/tables/affinity-categories.csv","2026-08-09"
"94021","Business Creation","AFFINITY","affinity","Life Events","Life Events","https://developers.google.com/static/google-ads/api/data/tables/affinity-categories.csv","2026-08-09"
"94022","Starting a Business Soon","AFFINITY","affinity","Life Events","Business Creation","https://developers.google.com/static/google-ads/api/data/tables/affinity-categories.csv","2026-08-09"
"94023","Recently Started a Business","AFFINITY","affinity","Life Events","Business Creation","https://developers.google.com/static/google-ads/api/data/tables/affinity-categories.csv","2026-08-09"
"94024","Job Change","AFFINITY","affinity","Life Events","Life Events","https://developers.google.com/static/google-ads/api/data/tables/affinity-categories.csv","2026-08-09"
"94025","Starting New Job Soon","AFFINITY","affinity","Life Events","Job Change","https://developers.google.com/static/google-ads/api/data/tables/affinity-categories.csv","2026-08-09"
"94026","Recently Started New Job","AFFINITY","affinity","Life Events","Job Change","https://developers.google.com/static/google-ads/api/data/tables/affinity-categories.csv","2026-08-09"
"94027","Adding Cat to Household Soon","AFFINITY","affinity","Life Events","New Pet","https://developers.google.com/static/google-ads/api/data/tables/affinity-categories.csv","2026-08-09"
"94028","Adding Dog to Household Soon","AFFINITY","affinity","Life Events","New Pet","https://developers.google.com/static/google-ads/api/data/tables/affinity-categories.csv","2026-08-09"
"94029","Becoming an Empty Nester","AFFINITY","affinity","Life Events","Life Events","https://developers.google.com/static/google-ads/api/data/tables/affinity-categories.csv","2026-08-09"
"94030","Last Child Moving Out Soon","AFFINITY","affinity","Life Events","Becoming an Empty Nester","https://developers.google.com/static/google-ads/api/data/tables/affinity-categories.csv","2026-08-09"
"94031","Last Child Recently Moved Out","AFFINITY","affinity","Life Events","Becoming an Empty Nester","https://developers.google.com/static/google-ads/api/data/tables/affinity-categories.csv","2026-08-09"
"94032","Purchasing a Home","AFFINITY","affinity","Life Events","Life Events","https://developers.google.com/static/google-ads/api/data/tables/affinity-categories.csv","2026-08-09"
"94033","Purchasing a Home Soon","AFFINITY","affinity","Life Events","Purchasing a Home","https://developers.google.com/static/google-ads/api/data/tables/affinity-categories.csv","2026-08-09"
"94034","Recently Purchased a Home","AFFINITY","affinity","Life Events","Purchasing a Home","https://developers.google.com/static/google-ads/api/data/tables/affinity-categories.csv","2026-08-09"
"94035","Purchasing First Home Soon","AFFINITY","affinity","Life Events","Purchasing a Home Soon","https://developers.google.com/static/google-ads/api/data/tables/affinity-categories.csv","2026-08-09"
"94036","Recently Purchased First Home","AFFINITY","affinity","Life Events","Recently Purchased a Home","https://developers.google.com/static/google-ads/api/data/tables/affinity-categories.csv","2026-08-09"
"95001","College Graduation","LIFE_EVENT","life_event","","","https://developers.google.com/static/google-ads/api/data/tables/life-events.csv","2026-08-09"
"95002","Marriage","LIFE_EVENT","life_event","","","https://developers.google.com/static/google-ads/api/data/tables/life-events.csv","2026-08-09"
"95003","Moving","LIFE_EVENT","life_event","","","https://developers.google.com/static/google-ads/api/data/tables/life-events.csv","2026-08-09"
"95004","Graduating Soon","LIFE_EVENT","life_event","College Graduation","College Graduation","https://developers.google.com/static/google-ads/api/data/tables/life-events.csv","2026-08-09"
"95005","Recently Graduated","LIFE_EVENT","life_event","College Graduation","College Graduation","https://developers.google.com/static/google-ads/api/data/tables/life-events.csv","2026-08-09"
"95006","Getting Married Soon","LIFE_EVENT","life_event","Marriage","Marriage","https://developers.google.com/static/google-ads/api/data/tables/life-events.csv","2026-08-09"
"95007","Recently Married","LIFE_EVENT","life_event","Marriage","Marriage","https://developers.google.com/static/google-ads/api/data/tables/life-events.csv","2026-08-09"
"95008","Moving Soon","LIFE_EVENT","life_event","Moving","Moving","https://developers.google.com/static/google-ads/api/data/tables/life-events.csv","2026-08-09"
"95009","Recently Moved","LIFE_EVENT","life_event","Moving","Moving","https://developers.google.com/static/google-ads/api/data/tables/life-events.csv","2026-08-09"
"95011","Retirement","LIFE_EVENT","life_event","","","https://developers.google.com/static/google-ads/api/data/tables/life-events.csv","2026-08-09"
"95012","Retiring Soon","LIFE_EVENT","life_event","Retirement","Retirement","https://developers.google.com/static/google-ads/api/data/tables/life-events.csv","2026-08-09"
"95013","Recently Retired","LIFE_EVENT","life_event","Retirement","Retirement","https://developers.google.com/static/google-ads/api/data/tables/life-events.csv","2026-08-09"
"95014","Recently Engaged","LIFE_EVENT","life_event","Marriage","Marriage","https://developers.google.com/static/google-ads/api/data/tables/life-events.csv","2026-08-09"
"95015","Home Renovation","LIFE_EVENT","life_event","","","https://developers.google.com/static/google-ads/api/data/tables/life-events.csv","2026-08-09"
"95016","Recently Renovated Home","LIFE_EVENT","life_event","Home Renovation","Home Renovation","https://developers.google.com/static/google-ads/api/data/tables/life-events.csv","2026-08-09"
"95017","Renovating Home Soon","LIFE_EVENT","life_event","Home Renovation","Home Renovation","https://developers.google.com/static/google-ads/api/data/tables/life-events.csv","2026-08-09"
"95018","New Pet","LIFE_EVENT","life_event","","","https://developers.google.com/static/google-ads/api/data/tables/life-events.csv","2026-08-09"
"95019","Recently Added Dog to Household","LIFE_EVENT","life_event","New Pet","New Pet","https://developers.google.com/static/google-ads/api/data/tables/life-events.csv","2026-08-09"
"95020","Recently Added Cat to Household","LIFE_EVENT","life_event","New Pet","New Pet","https://developers.google.com/static/google-ads/api/data/tables/life-events.csv","2026-08-09"
"95021","Business Creation","LIFE_EVENT","life_event","","","https://developers.google.com/static/google-ads/api/data/tables/life-events.csv","2026-08-09"
"95022","Starting a Business Soon","LIFE_EVENT","life_event","Business Creation","Business Creation","https://developers.google.com/static/google-ads/api/data/tables/life-events.csv","2026-08-09"
"95023","Recently Started a Business","LIFE_EVENT","life_event","Business Creation","Business Creation","https://developers.google.com/static/google-ads/api/data/tables/life-events.csv","2026-08-09"
"95024","Job Change","LIFE_EVENT","life_event","","","https://developers.google.com/static/google-ads/api/data/tables/life-events.csv","2026-08-09"
"95025","Starting New Job Soon","LIFE_EVENT","life_event","Job Change","Job Change","https://developers.google.com/static/google-ads/api/data/tables/life-events.csv","2026-08-09"
"95026","Recently Started New Job","LIFE_EVENT","life_event","Job Change","Job Change","https://developers.google.com/static/google-ads/api/data/tables/life-events.csv","2026-08-09"
"95027","Adding Cat to Household Soon","LIFE_EVENT","life_event","New Pet","New Pet","https://developers.google.com/static/google-ads/api/data/tables/life-events.csv","2026-08-09"
"95028","Adding Dog to Household Soon","LIFE_EVENT","life_event","New Pet","New Pet","https://developers.google.com/static/google-ads/api/data/tables/life-events.csv","2026-08-09"
"95029","Becoming an Empty Nester","LIFE_EVENT","life_event","","","https://developers.google.com/static/google-ads/api/data/tables/life-events.csv","2026-08-09"
"95030","Last Child Moving Out Soon","LIFE_EVENT","life_event","Becoming an Empty Nester","Becoming an Empty Nester","https://developers.google.com/static/google-ads/api/data/tables/life-events.csv","2026-08-09"
"95031","Last Child Recently Moved Out","LIFE_EVENT","life_event","Becoming an Empty Nester","Becoming an Empty Nester","https://developers.google.com/static/google-ads/api/data/tables/life-events.csv","2026-08-09"
"95032","Purchasing a Home","LIFE_EVENT","life_event","","","https://developers.google.com/static/google-ads/api/data/tables/life-events.csv","2026-08-09"
"95033","Purchasing a Home Soon","LIFE_EVENT","life_event","Purchasing a Home","Purchasing a Home","https://developers.google.com/static/google-ads/api/data/tables/life-events.csv","2026-08-09"
"95034","Recently Purchased a Home","LIFE_EVENT","life_event","Purchasing a Home","Purchasing a Home","https://developers.google.com/static/google-ads/api/data/tables/life-events.csv","2026-08-09"
"95035","Purchasing First Home Soon","LIFE_EVENT","life_event","Purchasing a Home","Purchasing a Home Soon","https://developers.google.com/static/google-ads/api/data/tables/life-events.csv","2026-08-09"
"95036","Recently Purchased First Home","LIFE_EVENT","life_event","Purchasing a Home","Recently Purchased a Home","https://developers.google.com/static/google-ads/api/data/tables/life-events.csv","2026-08-09"
"95037","Taking a Trip","LIFE_EVENT","life_event","","","https://developers.google.com/static/google-ads/api/data/tables/life-events.csv","2026-08-09"
"95038","Researching Destinations","LIFE_EVENT","life_event","Taking a Trip","Taking a Trip","https://developers.google.com/static/google-ads/api/data/tables/life-events.csv","2026-08-09"
"95039","Preparing for Upcoming Trip","LIFE_EVENT","life_event","Taking a Trip","Taking a Trip","https://developers.google.com/static/google-ads/api/data/tables/life-events.csv","2026-08-09"
"95040","Currently Traveling","LIFE_EVENT","life_event","Taking a Trip","Taking a Trip","https://developers.google.com/static/google-ads/api/data/tables/life-events.csv","2026-08-09"
"95041","Recently Returned from Trip","LIFE_EVENT","life_event","Taking a Trip","Taking a Trip","https://developers.google.com/static/google-ads/api/data/tables/life-events.csv","2026-08-09"
"4477129","自動車","IN_MARKET","in_market","","","https://support.google.com/richmedia/answer/17100174?hl=ja","2026-08-09"
"4477489","オフロード車","IN_MARKET","in_market","自動車","自動車 > 自動車（種類別）","https://support.google.com/richmedia/answer/17100174?hl=ja","2026-08-09"
"4477609","オートバイ","IN_MARKET","in_market","自動車","自動車 > 自動車（種類別）","https://support.google.com/richmedia/answer/17100174?hl=ja","2026-08-09"
"4477729","ハイブリッド車、代替燃料車","IN_MARKET","in_market","自動車","自動車 > 自動車（種類別）","https://support.google.com/richmedia/answer/17100174?hl=ja","2026-08-09"
"4477849","自動車（ブランド別）","IN_MARKET","in_market","自動車","自動車","https://support.google.com/richmedia/answer/17100174?hl=ja","2026-08-09"
"4477969","アキュラ","IN_MARKET","in_market","自動車","自動車 > 自動車（ブランド別）","https://support.google.com/richmedia/answer/17100174?hl=ja","2026-08-09"
"4478089","アウディ","IN_MARKET","in_market","自動車","自動車 > 自動車（ブランド別）","https://support.google.com/richmedia/answer/17100174?hl=ja","2026-08-09"
"4478209","BMW","IN_MARKET","in_market","自動車","自動車 > 自動車（ブランド別）","https://support.google.com/richmedia/answer/17100174?hl=ja","2026-08-09"
"4478329","キャデラック","IN_MARKET","in_market","自動車","自動車 > 自動車（ブランド別）","https://support.google.com/richmedia/answer/17100174?hl=ja","2026-08-09"
"4478449","シボレー","IN_MARKET","in_market","自動車","自動車 > 自動車（ブランド別）","https://support.google.com/richmedia/answer/17100174?hl=ja","2026-08-09"
"4478569","クライスラー","IN_MARKET","in_market","自動車","自動車 > 自動車（ブランド別）","https://support.google.com/richmedia/answer/17100174?hl=ja","2026-08-09"
"4478689","シトロエン","IN_MARKET","in_market","自動車","自動車 > 自動車（ブランド別）","https://support.google.com/richmedia/answer/17100174?hl=ja","2026-08-09"
"4478809","ダッジ","IN_MARKET","in_market","自動車","自動車 > 自動車（ブランド別）","https://support.google.com/richmedia/answer/17100174?hl=ja","2026-08-09"
"4478929","フィアット","IN_MARKET","in_market","自動車","自動車 > 自動車（ブランド別）","https://support.google.com/richmedia/answer/17100174?hl=ja","2026-08-09"
"4479049","フォード","IN_MARKET","in_market","自動車","自動車 > 自動車（ブランド別）","https://support.google.com/richmedia/answer/17100174?hl=ja","2026-08-09"
"4479169","ゼネラル モーターズ","IN_MARKET","in_market","自動車","自動車 > 自動車（ブランド別）","https://support.google.com/richmedia/answer/17100174?hl=ja","2026-08-09"
"4479289","ホンダ","IN_MARKET","in_market","自動車","自動車 > 自動車（ブランド別）","https://support.google.com/richmedia/answer/17100174?hl=ja","2026-08-09"
"4479409","ヒュンダイ","IN_MARKET","in_market","自動車","自動車 > 自動車（ブランド別）","https://support.google.com/richmedia/answer/17100174?hl=ja","2026-08-09"
"4479529","ジープ","IN_MARKET","in_market","自動車","自動車 > 自動車（ブランド別）","https://support.google.com/richmedia/answer/17100174?hl=ja","2026-08-09"
"4479649","キア","IN_MARKET","in_market","自動車","自動車 > 自動車（ブランド別）","https://support.google.com/richmedia/answer/17100174?hl=ja","2026-08-09"
"4479769","レクサス","IN_MARKET","in_market","自動車","自動車 > 自動車（ブランド別）","https://support.google.com/richmedia/answer/17100174?hl=ja","2026-08-09"
"4479889","リンカーン","IN_MARKET","in_market","自動車","自動車 > 自動車（ブランド別）","https://support.google.com/richmedia/answer/17100174?hl=ja","2026-08-09"
"4480009","マツダ","IN_MARKET","in_market","自動車","自動車 > 自動車（ブランド別）","https://support.google.com/richmedia/answer/17100174?hl=ja","2026-08-09"
"4480129","メルセデス ベンツ","IN_MARKET","in_market","自動車","自動車 > 自動車（ブランド別）","https://support.google.com/richmedia/answer/17100174?hl=ja","2026-08-09"
"4480369","三菱","IN_MARKET","in_market","自動車","自動車 > 自動車（ブランド別）","https://support.google.com/richmedia/answer/17100174?hl=ja","2026-08-09"
"4480489","日産","IN_MARKET","in_market","自動車","自動車 > 自動車（ブランド別）","https://support.google.com/richmedia/answer/17100174?hl=ja","2026-08-09"
"4480609","プジョー","IN_MARKET","in_market","自動車","自動車 > 自動車（ブランド別）","https://support.google.com/richmedia/answer/17100174?hl=ja","2026-08-09"
"4480849","ポルシェ","IN_MARKET","in_market","自動車","自動車 > 自動車（ブランド別）","https://support.google.com/richmedia/answer/17100174?hl=ja","2026-08-09"
"4480969","ルノー","IN_MARKET","in_market","自動車","自動車 > 自動車（ブランド別）","https://support.google.com/richmedia/answer/17100174?hl=ja","2026-08-09"
"4481209","スバル","IN_MARKET","in_market","自動車","自動車 > 自動車（ブランド別）","https://support.google.com/richmedia/answer/17100174?hl=ja","2026-08-09"
"4481329","トヨタ","IN_MARKET","in_market","自動車","自動車 > 自動車（ブランド別）","https://support.google.com/richmedia/answer/17100174?hl=ja","2026-08-09"
"4481449","フォルクスワーゲン","IN_MARKET","in_market","自動車","自動車 > 自動車（ブランド別）","https://support.google.com/richmedia/answer/17100174?hl=ja","2026-08-09"
"4481569","ボルボ","IN_MARKET","in_market","自動車","自動車 > 自動車（ブランド別）","https://support.google.com/richmedia/answer/17100174?hl=ja","2026-08-09"
"4481929","ボクスホール オペル","IN_MARKET","in_market","自動車","自動車 > 自動車（ブランド別）","https://support.google.com/richmedia/answer/17100174?hl=ja","2026-08-09"
"4482049","クラッシック カー","IN_MARKET","in_market","自動車","自動車 > 自動車（種類別）","https://support.google.com/richmedia/answer/17100174?hl=ja","2026-08-09"
"4482169","ピックアップ トラック","IN_MARKET","in_market","自動車","自動車 > 自動車（種類別）","https://support.google.com/richmedia/answer/17100174?hl=ja","2026-08-09"
"4482289","SUV","IN_MARKET","in_market","自動車","自動車 > 自動車（種類別）","https://support.google.com/richmedia/answer/17100174?hl=ja","2026-08-09"
"4482409","バン、ミニバン","IN_MARKET","in_market","自動車","自動車 > 自動車（種類別）","https://support.google.com/richmedia/answer/17100174?hl=ja","2026-08-09"
"4482649","ビュイック","IN_MARKET","in_market","自動車","自動車 > 自動車（ブランド別）","https://support.google.com/richmedia/answer/17100174?hl=ja","2026-08-09"
"4483009","ジャガー","IN_MARKET","in_market","自動車","自動車 > 自動車（ブランド別）","https://support.google.com/richmedia/answer/17100174?hl=ja","2026-08-09"
"4483249","ランドローバー","IN_MARKET","in_market","自動車","自動車 > 自動車（ブランド別）","https://support.google.com/richmedia/answer/17100174?hl=ja","2026-08-09"
"4483369","マセラティ","IN_MARKET","in_market","自動車","自動車 > 自動車（ブランド別）","https://support.google.com/richmedia/answer/17100174?hl=ja","2026-08-09"
"4483489","ミニ","IN_MARKET","in_market","自動車","自動車 > 自動車（ブランド別）","https://support.google.com/richmedia/answer/17100174?hl=ja","2026-08-09"
"4483729","サイオン","IN_MARKET","in_market","自動車","自動車 > 自動車（ブランド別）","https://support.google.com/richmedia/answer/17100174?hl=ja","2026-08-09"
"4483849","スズキ","IN_MARKET","in_market","自動車","自動車 > 自動車（ブランド別）","https://support.google.com/richmedia/answer/17100174?hl=ja","2026-08-09"
"4483969","ボート、水上の乗り物","IN_MARKET","in_market","自動車","車両（その他）","https://support.google.com/richmedia/answer/17100174?hl=ja","2026-08-09"
"4484089","自転車、パーツ","IN_MARKET","in_market","自動車","車両（その他）","https://support.google.com/richmedia/answer/17100174?hl=ja","2026-08-09"
"4484209","スクーター、モペット","IN_MARKET","in_market","自動車","自動車 > 自動車（種類別）","https://support.google.com/richmedia/answer/17100174?hl=ja","2026-08-09"
"4484329","キャンピングカー、RV","IN_MARKET","in_market","自動車","車両（その他）","https://support.google.com/richmedia/answer/17100174?hl=ja","2026-08-09"
"4484449","商用自動車","IN_MARKET","in_market","自動車","車両（その他）","https://support.google.com/richmedia/answer/17100174?hl=ja","2026-08-09"
"4484569","マイクロカー、サブコンパクトカー","IN_MARKET","in_market","自動車","自動車 > 自動車（種類別）","https://support.google.com/richmedia/answer/17100174?hl=ja","2026-08-09"
"4484689","インフィニティ","IN_MARKET","in_market","自動車","自動車 > 自動車（ブランド別）","https://support.google.com/richmedia/answer/17100174?hl=ja","2026-08-09"
"4484809","いすゞ","IN_MARKET","in_market","自動車","自動車 > 自動車（ブランド別）","https://support.google.com/richmedia/answer/17100174?hl=ja","2026-08-09"
"4484929","アルファロメオ","IN_MARKET","in_market","自動車","自動車 > 自動車（ブランド別）","https://support.google.com/richmedia/answer/17100174?hl=ja","2026-08-09"
"4485049","セアト","IN_MARKET","in_market","自動車","自動車 > 自動車（ブランド別）","https://support.google.com/richmedia/answer/17100174?hl=ja","2026-08-09"
"4485169","自動車（新車）","IN_MARKET","in_market","自動車","自動車","https://support.google.com/richmedia/answer/17100174?hl=ja","2026-08-09"
"4485409","自動車（中古車）","IN_MARKET","in_market","自動車","自動車","https://support.google.com/richmedia/answer/17100174?hl=ja","2026-08-09"
"4485529","オープンカー","IN_MARKET","in_market","自動車","自動車 > 自動車（種類別）","https://support.google.com/richmedia/answer/17100174?hl=ja","2026-08-09"
"4485649","クーペ","IN_MARKET","in_market","自動車","自動車 > 自動車（種類別）","https://support.google.com/richmedia/answer/17100174?hl=ja","2026-08-09"
"4485769","ディーゼル車","IN_MARKET","in_market","自動車","自動車 > 自動車（種類別）","https://support.google.com/richmedia/answer/17100174?hl=ja","2026-08-09"
"4485889","ハッチバック","IN_MARKET","in_market","自動車","自動車 > 自動車（種類別）","https://support.google.com/richmedia/answer/17100174?hl=ja","2026-08-09"
"4486009","高級車","IN_MARKET","in_market","自動車","自動車 > 自動車（種類別）","https://support.google.com/richmedia/answer/17100174?hl=ja","2026-08-09"
"4486129","セダン","IN_MARKET","in_market","自動車","自動車 > 自動車（種類別）","https://support.google.com/richmedia/answer/17100174?hl=ja","2026-08-09"
"4486249","スポーツカー","IN_MARKET","in_market","自動車","自動車 > 自動車（種類別）","https://support.google.com/richmedia/answer/17100174?hl=ja","2026-08-09"
"4486369","ステーション ワゴン","IN_MARKET","in_market","自動車","自動車 > 自動車（種類別）","https://support.google.com/richmedia/answer/17100174?hl=ja","2026-08-09"
"4486489","クロスオーバー","IN_MARKET","in_market","自動車","自動車 > 自動車（種類別）","https://support.google.com/richmedia/answer/17100174?hl=ja","2026-08-09"
"4486609","コンパクトカー","IN_MARKET","in_market","自動車","自動車 > 自動車（種類別）","https://support.google.com/richmedia/answer/17100174?hl=ja","2026-08-09"
"4486729","コンパクトカー（中古車）","IN_MARKET","in_market","自動車","自動車 > 自動車（種類別）> コンパクトカー","https://support.google.com/richmedia/answer/17100174?hl=ja","2026-08-09"
"4486849","オープンカー（中古車）","IN_MARKET","in_market","自動車","自動車 > 自動車（種類別）> オープンカー","https://support.google.com/richmedia/answer/17100174?hl=ja","2026-08-09"
"4486969","クロスオーバー（中古車）","IN_MARKET","in_market","自動車","自動車 > 自動車（種類別）> クロスオーバー","https://support.google.com/richmedia/answer/17100174?hl=ja","2026-08-09"
"4487089","ディーゼル車（中古車）","IN_MARKET","in_market","自動車","自動車 > 自動車（種類別）> ディーゼル車","https://support.google.com/richmedia/answer/17100174?hl=ja","2026-08-09"
"4487209","ハッチバック（中古車）","IN_MARKET","in_market","自動車","自動車 > 自動車（種類別）> ハッチバック","https://support.google.com/richmedia/answer/17100174?hl=ja","2026-08-09"
"4487329","ハイブリッド車、代替燃料車（中古車）","IN_MARKET","in_market","自動車","自動車 > 自動車（種類別）> ハイブリッド車、代替燃料車","https://support.google.com/richmedia/answer/17100174?hl=ja","2026-08-09"
"4487449","高級車（中古車）","IN_MARKET","in_market","自動車","自動車 > 自動車（種類別）> 高級車","https://support.google.com/richmedia/answer/17100174?hl=ja","2026-08-09"
"4487569","マイクロカー、サブコンパクトカー（中古車）","IN_MARKET","in_market","自動車","自動車 > 自動車（種類別）> マイクロカー、サブコンパクトカー","https://support.google.com/richmedia/answer/17100174?hl=ja","2026-08-09"
"4487689","オートバイ（中古車）","IN_MARKET","in_market","自動車","自動車 > 自動車（種類別）> オートバイ","https://support.google.com/richmedia/answer/17100174?hl=ja","2026-08-09"
"4487809","スクーター、モペット（中古車）","IN_MARKET","in_market","自動車","自動車 > 自動車（種類別）> スクーター、モペット","https://support.google.com/richmedia/answer/17100174?hl=ja","2026-08-09"
"4487929","セダン（中古車）","IN_MARKET","in_market","自動車","自動車 > 自動車（種類別）> セダン","https://support.google.com/richmedia/answer/17100174?hl=ja","2026-08-09"
"4488049","スポーツカー（中古車）","IN_MARKET","in_market","自動車","自動車、車両 > 自動車（種類別）> スポーツカー","https://support.google.com/richmedia/answer/17100174?hl=ja","2026-08-09"
"4488169","ステーション ワゴン（中古車）","IN_MARKET","in_market","自動車","自動車 > 自動車（種類別）> ステーション ワゴン","https://support.google.com/richmedia/answer/17100174?hl=ja","2026-08-09"
"4488289","ピックアップ トラック（中古車）","IN_MARKET","in_market","自動車","自動車 > 自動車（種類別）> ピックアップ トラック","https://support.google.com/richmedia/answer/17100174?hl=ja","2026-08-09"
"4488409","SUV（中古車）","IN_MARKET","in_market","自動車","自動車 > 自動車（種類別）> SUV","https://support.google.com/richmedia/answer/17100174?hl=ja","2026-08-09"
"4488529","バン、ミニバン（中古車）","IN_MARKET","in_market","自動車","自動車 > 自動車（種類別）> バン、ミニバン","https://support.google.com/richmedia/answer/17100174?hl=ja","2026-08-09"
"4488649","金融サービス","IN_MARKET","in_market","","","https://support.google.com/richmedia/answer/17100174?hl=ja","2026-08-09"
"4488769","不動産","IN_MARKET","in_market","","","https://support.google.com/richmedia/answer/17100174?hl=ja","2026-08-09"
"4488889","銀行サービス","IN_MARKET","in_market","金融サービス","","https://support.google.com/richmedia/answer/17100174?hl=ja","2026-08-09"
"4489009","ファイナンシャル プランニング","IN_MARKET","in_market","金融サービス","","https://support.google.com/richmedia/answer/17100174?hl=ja","2026-08-09"
"4489129","保険","IN_MARKET","in_market","金融サービス","","https://support.google.com/richmedia/answer/17100174?hl=ja","2026-08-09"
"4489249","クレジット、融資","IN_MARKET","in_market","金融サービス","","https://support.google.com/richmedia/answer/17100174?hl=ja","2026-08-09"
"4489369","住宅ローン","IN_MARKET","in_market","金融サービス","クレジット、融資","https://support.google.com/richmedia/answer/17100174?hl=ja","2026-08-09"
"4489489","納税申告サービスおよびソフトウェア","IN_MARKET","in_market","金融サービス","","https://support.google.com/richmedia/answer/17100174?hl=ja","2026-08-09"
"4489609","事業融資","IN_MARKET","in_market","金融サービス","クレジット、融資","https://support.google.com/richmedia/answer/17100174?hl=ja","2026-08-09"
"4489729","個人ローン","IN_MARKET","in_market","金融サービス","クレジット、融資","https://support.google.com/richmedia/answer/17100174?hl=ja","2026-08-09"
"4489849","自動車ローン","IN_MARKET","in_market","金融サービス","クレジット、融資","https://support.google.com/richmedia/answer/17100174?hl=ja","2026-08-09"
"4489969","クレジット カード","IN_MARKET","in_market","金融サービス","クレジット、融資","https://support.google.com/richmedia/answer/17100174?hl=ja","2026-08-09"
"4490089","デビットカード、小切手","IN_MARKET","in_market","金融サービス","銀行サービス","https://support.google.com/richmedia/answer/17100174?hl=ja","2026-08-09"
"4490209","自動車保険","IN_MARKET","in_market","金融サービス","保険","https://support.google.com/richmedia/answer/17100174?hl=ja","2026-08-09"
"4490329","健康保険","IN_MARKET","in_market","金融サービス","保険","https://support.google.com/richmedia/answer/17100174?hl=ja","2026-08-09"
"4490449","生命保険","IN_MARKET","in_market","金融サービス","保険","https://support.google.com/richmedia/answer/17100174?hl=ja","2026-08-09"
"4490569","旅行保険","IN_MARKET","in_market","金融サービス","保険","https://support.google.com/richmedia/answer/17100174?hl=ja","2026-08-09"
"4490689","投資サービス","IN_MARKET","in_market","金融サービス","","https://support.google.com/richmedia/answer/17100174?hl=ja","2026-08-09"
"4490809","資産計画","IN_MARKET","in_market","金融サービス","ファイナンシャル プランニング","https://support.google.com/richmedia/answer/17100174?hl=ja","2026-08-09"
"4490929","セカンドライフ プランニング","IN_MARKET","in_market","金融サービス","ファイナンシャル プランニング","https://support.google.com/richmedia/answer/17100174?hl=ja","2026-08-09"
"4491049","住宅ローンの借り換え","IN_MARKET","in_market","金融サービス","クレジット、融資 > 住宅ローン","https://support.google.com/richmedia/answer/17100174?hl=ja","2026-08-09"
"4491169","住宅購入ローン","IN_MARKET","in_market","金融サービス","クレジット、融資 > 住宅ローン","https://support.google.com/richmedia/answer/17100174?hl=ja","2026-08-09"
"4491289","居住用不動産（賃貸）","IN_MARKET","in_market","不動産","居住用不動産","https://support.google.com/richmedia/answer/17100174?hl=ja","2026-08-09"
"4491529","居住用不動産（販売）","IN_MARKET","in_market","不動産","居住用不動産","https://support.google.com/richmedia/answer/17100174?hl=ja","2026-08-09"
"4491649","商業用不動産（販売）","IN_MARKET","in_market","不動産","商業用不動産","https://support.google.com/richmedia/answer/17100174?hl=ja","2026-08-09"
"4491769","戸建（賃貸）","IN_MARKET","in_market","不動産","居住用不動産 > 居住用不動産（賃貸）","https://support.google.com/richmedia/answer/17100174?hl=ja","2026-08-09"
"4491889","集合住宅（賃貸）","IN_MARKET","in_market","不動産","居住用不動産 > 居住用不動産（賃貸）","https://support.google.com/richmedia/answer/17100174?hl=ja","2026-08-09"
"4492009","商業用不動産（賃貸）","IN_MARKET","in_market","不動産","商業用不動産","https://support.google.com/richmedia/answer/17100174?hl=ja","2026-08-09"
"4492369","中古戸建（販売）","IN_MARKET","in_market","不動産","居住用不動産 > 居住用不動産（販売）> 戸建（販売）","https://support.google.com/richmedia/answer/17100174?hl=ja","2026-08-09"
"4492489","中古集合住宅（販売）","IN_MARKET","in_market","不動産","居住用不動産 > 居住用不動産（販売）> 集合住宅（販売）","https://support.google.com/richmedia/answer/17100174?hl=ja","2026-08-09"
"4492609","新築戸建（販売）","IN_MARKET","in_market","不動産","居住用不動産 > 居住用不動産（販売）> 戸建（販売）","https://support.google.com/richmedia/answer/17100174?hl=ja","2026-08-09"
"4492729","新築集合住宅（販売）","IN_MARKET","in_market","不動産","居住用不動産 > 居住用不動産（販売）> 集合住宅（販売）","https://support.google.com/richmedia/answer/17100174?hl=ja","2026-08-09"
"4492969","車両（その他）","IN_MARKET","in_market","自動車","","https://support.google.com/richmedia/answer/17100174?hl=ja","2026-08-09"
"4493089","クーペ（中古車）","IN_MARKET","in_market","自動車","自動車 > 自動車（種類別）> クーペ","https://support.google.com/richmedia/answer/17100174?hl=ja","2026-08-09"
"4493209","自動車（種類別）","IN_MARKET","in_market","自動車","自動車","https://support.google.com/richmedia/answer/17100174?hl=ja","2026-08-09"
"4493329","コンパクトカー（新車）","IN_MARKET","in_market","自動車","自動車 > 自動車（種類別）> コンパクトカー","https://support.google.com/richmedia/answer/17100174?hl=ja","2026-08-09"
"4493449","オープンカー（新車）","IN_MARKET","in_market","自動車","自動車 > 自動車（種類別）> オープンカー","https://support.google.com/richmedia/answer/17100174?hl=ja","2026-08-09"
"4493569","クーペ（新車）","IN_MARKET","in_market","自動車","自動車 > 自動車（種類別）> クーペ","https://support.google.com/richmedia/answer/17100174?hl=ja","2026-08-09"
"4493689","クロスオーバー（新車）","IN_MARKET","in_market","自動車","自動車 > 自動車（種類別）> クロスオーバー","https://support.google.com/richmedia/answer/17100174?hl=ja","2026-08-09"
"4493809","ディーゼル車（新車）","IN_MARKET","in_market","自動車","自動車 > 自動車（種類別）> ディーゼル車","https://support.google.com/richmedia/answer/17100174?hl=ja","2026-08-09"
"4493929","ハッチバック（新車）","IN_MARKET","in_market","自動車","自動車 > 自動車（種類別）> ハッチバック","https://support.google.com/richmedia/answer/17100174?hl=ja","2026-08-09"
"4494049","ハイブリッド車、代替燃料車（新車）","IN_MARKET","in_market","自動車","自動車 > 自動車（種類別）> ハイブリッド車、代替燃料車","https://support.google.com/richmedia/answer/17100174?hl=ja","2026-08-09"
"4494169","高級車（新車）","IN_MARKET","in_market","自動車","自動車 > 自動車（種類別）> 高級車","https://support.google.com/richmedia/answer/17100174?hl=ja","2026-08-09"
"4494289","マイクロカー、サブコンパクトカー（新車）","IN_MARKET","in_market","自動車","自動車 > 自動車（種類別）> マイクロカー、サブコンパクトカー","https://support.google.com/richmedia/answer/17100174?hl=ja","2026-08-09"
"4494409","オートバイ（新車）","IN_MARKET","in_market","自動車","自動車 > 自動車（種類別）> オートバイ","https://support.google.com/richmedia/answer/17100174?hl=ja","2026-08-09"
"4494529","オフロード車（新車）","IN_MARKET","in_market","自動車","自動車 > 自動車（種類別）> オフロード車","https://support.google.com/richmedia/answer/17100174?hl=ja","2026-08-09"
"4494649","スクーター、モペット（新車）","IN_MARKET","in_market","自動車","自動車 > 自動車（種類別）> スクーター、モペット","https://support.google.com/richmedia/answer/17100174?hl=ja","2026-08-09"
"4494769","セダン（新車）","IN_MARKET","in_market","自動車","自動車 > 自動車（種類別）> セダン","https://support.google.com/richmedia/answer/17100174?hl=ja","2026-08-09"
"4494889","スポーツカー（新車）","IN_MARKET","in_market","自動車","自動車、車両 > 自動車（種類別）> スポーツカー","https://support.google.com/richmedia/answer/17100174?hl=ja","2026-08-09"
"4495009","ステーション ワゴン（新車）","IN_MARKET","in_market","自動車","自動車 > 自動車（種類別）> ステーション ワゴン","https://support.google.com/richmedia/answer/17100174?hl=ja","2026-08-09"
"4495129","ピックアップ トラック（新車）","IN_MARKET","in_market","自動車","自動車 > 自動車（種類別）> ピックアップ トラック","https://support.google.com/richmedia/answer/17100174?hl=ja","2026-08-09"
"4495249","SUV（新車）","IN_MARKET","in_market","自動車","自動車 > 自動車（種類別）> SUV","https://support.google.com/richmedia/answer/17100174?hl=ja","2026-08-09"
"4495369","バン、ミニバン（新車）","IN_MARKET","in_market","自動車","自動車 > 自動車（種類別）> バン、ミニバン","https://support.google.com/richmedia/answer/17100174?hl=ja","2026-08-09"
"4495489","オフロード車（中古車）","IN_MARKET","in_market","自動車","自動車 > 自動車（種類別）> オフロード車","https://support.google.com/richmedia/answer/17100174?hl=ja","2026-08-09"
"4495609","住宅保険","IN_MARKET","in_market","金融サービス","保険","https://support.google.com/richmedia/answer/17100174?hl=ja","2026-08-09"
"4495729","学生ローン","IN_MARKET","in_market","金融サービス","クレジット、融資","https://support.google.com/richmedia/answer/17100174?hl=ja","2026-08-09"
"4495849","パソコン、周辺機器","IN_MARKET","in_market","","","https://support.google.com/richmedia/answer/17100174?hl=ja","2026-08-09"
"4495969","パソコン","IN_MARKET","in_market","パソコン、周辺機器","","https://support.google.com/richmedia/answer/17100174?hl=ja","2026-08-09"
"4496089","パソコン用アクセサリー、部品","IN_MARKET","in_market","パソコン、周辺機器","","https://support.google.com/richmedia/answer/17100174?hl=ja","2026-08-09"
"4496209","プリンタ、スキャナ、FAX","IN_MARKET","in_market","パソコン、周辺機器","","https://support.google.com/richmedia/answer/17100174?hl=ja","2026-08-09"
"4496329","デスクトップ パソコン","IN_MARKET","in_market","パソコン、周辺機器","パソコン","https://support.google.com/richmedia/answer/17100174?hl=ja","2026-08-09"
"4496449","ラップトップ、ノートパソコン","IN_MARKET","in_market","パソコン、周辺機器","パソコン","https://support.google.com/richmedia/answer/17100174?hl=ja","2026-08-09"
"4496569","タブレット、超軽量デバイス","IN_MARKET","in_market","パソコン、周辺機器","パソコン","https://support.google.com/richmedia/answer/17100174?hl=ja","2026-08-09"
"4496689","パソコン モニター","IN_MARKET","in_market","パソコン、周辺機器","パソコン用アクセサリー、部品","https://support.google.com/richmedia/answer/17100174?hl=ja","2026-08-09"
"4496809","メモリ、ストレージ","IN_MARKET","in_market","パソコン、周辺機器","パソコン用アクセサリー、部品","https://support.google.com/richmedia/answer/17100174?hl=ja","2026-08-09"
"4496929","戸建（販売）","IN_MARKET","in_market","不動産","居住用不動産 > 居住用不動産（販売）","https://support.google.com/richmedia/answer/17100174?hl=ja","2026-08-09"
"4497049","集合住宅（販売）","IN_MARKET","in_market","不動産","居住用不動産 > 居住用不動産（販売）","https://support.google.com/richmedia/answer/17100174?hl=ja","2026-08-09"
"4497169","商業用不動産","IN_MARKET","in_market","不動産","","https://support.google.com/richmedia/answer/17100174?hl=ja","2026-08-09"
"4497289","居住用不動産","IN_MARKET","in_market","不動産","","https://support.google.com/richmedia/answer/17100174?hl=ja","2026-08-09"
"4497409","自動車","IN_MARKET","in_market","自動車","","https://support.google.com/richmedia/answer/17100174?hl=ja","2026-08-09"
"4497529","家電","IN_MARKET","in_market","","","https://support.google.com/richmedia/answer/17100174?hl=ja","2026-08-09"
"4497649","カメラ","IN_MARKET","in_market","家電","","https://support.google.com/richmedia/answer/17100174?hl=ja","2026-08-09"
"4497769","ビデオカメラ","IN_MARKET","in_market","家電","","https://support.google.com/richmedia/answer/17100174?hl=ja","2026-08-09"
"4497889","オーディオ","IN_MARKET","in_market","家電","","https://support.google.com/richmedia/answer/17100174?hl=ja","2026-08-09"
"4498009","テレビ","IN_MARKET","in_market","家電","","https://support.google.com/richmedia/answer/17100174?hl=ja","2026-08-09"
"4498249","ホームシアター","IN_MARKET","in_market","家電","","https://support.google.com/richmedia/answer/17100174?hl=ja","2026-08-09"
"4499089","プロ ミュージシャン、DJ 向け機器","IN_MARKET","in_market","家電","オーディオ","https://support.google.com/richmedia/answer/17100174?hl=ja","2026-08-09"
"4499209","スピーカー","IN_MARKET","in_market","家電","オーディオ","https://support.google.com/richmedia/answer/17100174?hl=ja","2026-08-09"
"4499329","ステレオ システム","IN_MARKET","in_market","家電","オーディオ","https://support.google.com/richmedia/answer/17100174?hl=ja","2026-08-09"
"4499449","カメラレンズ","IN_MARKET","in_market","家電","カメラ","https://support.google.com/richmedia/answer/17100174?hl=ja","2026-08-09"
"4499569","デジタル一眼レフカメラ","IN_MARKET","in_market","家電","カメラ","https://support.google.com/richmedia/answer/17100174?hl=ja","2026-08-09"
"4499809","教育","IN_MARKET","in_market","","","https://support.google.com/richmedia/answer/17100174?hl=ja","2026-08-09"
"4499929","外国語学習","IN_MARKET","in_market","教育","","https://support.google.com/richmedia/answer/17100174?hl=ja","2026-08-09"
"4500049","大学、短期大学","IN_MARKET","in_market","教育","","https://support.google.com/richmedia/answer/17100174?hl=ja","2026-08-09"
"4500169","小、中、高等学校","IN_MARKET","in_market","教育","","https://support.google.com/richmedia/answer/17100174?hl=ja","2026-08-09"
"4500289","留学プログラム","IN_MARKET","in_market","教育","","https://support.google.com/richmedia/answer/17100174?hl=ja","2026-08-09"
"4500409","受験対策、個別指導","IN_MARKET","in_market","教育","","https://support.google.com/richmedia/answer/17100174?hl=ja","2026-08-09"
"4500529","芸術デザイン教育","IN_MARKET","in_market","教育","大学、短期大学","https://support.google.com/richmedia/answer/17100174?hl=ja","2026-08-09"
"4500649","ビジネス スクール","IN_MARKET","in_market","教育","大学、短期大学","https://support.google.com/richmedia/answer/17100174?hl=ja","2026-08-09"
"4500889","技術教育","IN_MARKET","in_market","教育","大学、短期大学","https://support.google.com/richmedia/answer/17100174?hl=ja","2026-08-09"
"4501129","家庭、園芸","IN_MARKET","in_market","","","https://support.google.com/richmedia/answer/17100174?hl=ja","2026-08-09"
"4501249","生活家電用品","IN_MARKET","in_market","家庭、園芸","","https://support.google.com/richmedia/answer/17100174?hl=ja","2026-08-09"
"4501369","室内装飾","IN_MARKET","in_market","家庭、園芸","","https://support.google.com/richmedia/answer/17100174?hl=ja","2026-08-09"
"4501489","家具","IN_MARKET","in_market","家庭、園芸","","https://support.google.com/richmedia/answer/17100174?hl=ja","2026-08-09"
"4501609","リフォーム","IN_MARKET","in_market","家庭、園芸","","https://support.google.com/richmedia/answer/17100174?hl=ja","2026-08-09"
"4501729","ホーム セキュリティ","IN_MARKET","in_market","家庭、園芸","","https://support.google.com/richmedia/answer/17100174?hl=ja","2026-08-09"
"4501849","プール、温泉","IN_MARKET","in_market","家庭、園芸","屋外用アイテム","https://support.google.com/richmedia/answer/17100174?hl=ja","2026-08-09"
"4501969","ゲーム機","IN_MARKET","in_market","家電","","https://support.google.com/richmedia/answer/17100174?hl=ja","2026-08-09"
"4502089","任天堂のゲーム機","IN_MARKET","in_market","家電","ゲーム機","https://support.google.com/richmedia/answer/17100174?hl=ja","2026-08-09"
"4502209","Sony PlayStation","IN_MARKET","in_market","家電","ゲーム機","https://support.google.com/richmedia/answer/17100174?hl=ja","2026-08-09"
"4502329","Xbox","IN_MARKET","in_market","家電","ゲーム機","https://support.google.com/richmedia/answer/17100174?hl=ja","2026-08-09"
"4502449","リビングルーム","IN_MARKET","in_market","家庭、園芸","家具","https://support.google.com/richmedia/answer/17100174?hl=ja","2026-08-09"
"4502569","キッチン、ダイニング","IN_MARKET","in_market","家庭、園芸","家具","https://support.google.com/richmedia/answer/17100174?hl=ja","2026-08-09"
"4502689","寝室","IN_MARKET","in_market","家庭、園芸","家具","https://support.google.com/richmedia/answer/17100174?hl=ja","2026-08-09"
"4502809","在宅ワーク","IN_MARKET","in_market","家庭、園芸","家具","https://support.google.com/richmedia/answer/17100174?hl=ja","2026-08-09"
"4502929","託児所","IN_MARKET","in_market","家庭、園芸","家具","https://support.google.com/richmedia/answer/17100174?hl=ja","2026-08-09"
"4503049","庭、アウトドア用家具","IN_MARKET","in_market","家庭、園芸","屋外用アイテム","https://support.google.com/richmedia/answer/17100174?hl=ja","2026-08-09"
"4503169","ラグ、カーペット","IN_MARKET","in_market","家庭、園芸","室内装飾","https://support.google.com/richmedia/answer/17100174?hl=ja","2026-08-09"
"4503289","カーテン、窓装飾品","IN_MARKET","in_market","家庭、園芸","室内装飾","https://support.google.com/richmedia/answer/17100174?hl=ja","2026-08-09"
"4503409","暖炉","IN_MARKET","in_market","家庭、園芸","室内装飾","https://support.google.com/richmedia/answer/17100174?hl=ja","2026-08-09"
"4503529","洗濯機、乾燥機","IN_MARKET","in_market","家庭、園芸","生活家電用品","https://support.google.com/richmedia/answer/17100174?hl=ja","2026-08-09"
"4503649","食器洗浄機","IN_MARKET","in_market","家庭、園芸","生活家電用品","https://support.google.com/richmedia/answer/17100174?hl=ja","2026-08-09"
"4503769","冷蔵庫","IN_MARKET","in_market","家庭、園芸","生活家電用品","https://support.google.com/richmedia/answer/17100174?hl=ja","2026-08-09"
"4503889","調理レンジ、コンロ","IN_MARKET","in_market","家庭、園芸","生活家電用品","https://support.google.com/richmedia/answer/17100174?hl=ja","2026-08-09"
"4504009","掃除機","IN_MARKET","in_market","家庭、園芸","生活家電用品","https://support.google.com/richmedia/answer/17100174?hl=ja","2026-08-09"
"4504129","電子レンジ","IN_MARKET","in_market","家庭、園芸","生活家電用品","https://support.google.com/richmedia/answer/17100174?hl=ja","2026-08-09"
"4504249","芝刈り機","IN_MARKET","in_market","家庭、園芸","屋外用アイテム","https://support.google.com/richmedia/answer/17100174?hl=ja","2026-08-09"
"4504369","バーベキュー、グリル","IN_MARKET","in_market","家庭、園芸","屋外用アイテム","https://support.google.com/richmedia/answer/17100174?hl=ja","2026-08-09"
"4504489","小型家電","IN_MARKET","in_market","家庭、園芸","生活家電用品","https://support.google.com/richmedia/answer/17100174?hl=ja","2026-08-09"
"4504609","食器棚、浴室キャビネット","IN_MARKET","in_market","家庭、園芸","リフォーム","https://support.google.com/richmedia/answer/17100174?hl=ja","2026-08-09"
"4504729","キッチン カウンター、浴室カウンター","IN_MARKET","in_market","家庭、園芸","リフォーム","https://support.google.com/richmedia/answer/17100174?hl=ja","2026-08-09"
"4504849","床材","IN_MARKET","in_market","家庭、園芸","リフォーム","https://support.google.com/richmedia/answer/17100174?hl=ja","2026-08-09"
"4504969","配管資材","IN_MARKET","in_market","家庭、園芸","リフォーム","https://support.google.com/richmedia/answer/17100174?hl=ja","2026-08-09"
"4505089","塗装","IN_MARKET","in_market","家庭、園芸","リフォーム","https://support.google.com/richmedia/answer/17100174?hl=ja","2026-08-09"
"4505209","ツール","IN_MARKET","in_market","家庭、園芸","リフォーム","https://support.google.com/richmedia/answer/17100174?hl=ja","2026-08-09"
"4505329","ジューサー、ブレンダー","IN_MARKET","in_market","家庭、園芸","家電 > 小型家電","https://support.google.com/richmedia/answer/17100174?hl=ja","2026-08-09"
"4505449","ミキサー","IN_MARKET","in_market","家庭、園芸","家電 > 小型家電","https://support.google.com/richmedia/answer/17100174?hl=ja","2026-08-09"
"4505569","コーヒー メーカー、エスプレッソ マシン","IN_MARKET","in_market","家庭、園芸","家電 > 小型家電","https://support.google.com/richmedia/answer/17100174?hl=ja","2026-08-09"
"4505689","照明、備品","IN_MARKET","in_market","家庭、園芸","室内装飾","https://support.google.com/richmedia/answer/17100174?hl=ja","2026-08-09"
"4505809","ソフトウェア","IN_MARKET","in_market","","","https://support.google.com/richmedia/answer/17100174?hl=ja","2026-08-09"
"4505929","ウイルス対策、セキュリティ ソフトウェア","IN_MARKET","in_market","ソフトウェア","","https://support.google.com/richmedia/answer/17100174?hl=ja","2026-08-09"
"4506049","オーディオ、音楽ソフトウェア","IN_MARKET","in_market","ソフトウェア","","https://support.google.com/richmedia/answer/17100174?hl=ja","2026-08-09"
"4506169","ビジネス、生産性ソフトウェア","IN_MARKET","in_market","ソフトウェア","","https://support.google.com/richmedia/answer/17100174?hl=ja","2026-08-09"
"4506289","デザイン ソフトウェア","IN_MARKET","in_market","ソフトウェア","","https://support.google.com/richmedia/answer/17100174?hl=ja","2026-08-09"
"4506409","会計ソフトウェア","IN_MARKET","in_market","ソフトウェア","","https://support.google.com/richmedia/answer/17100174?hl=ja","2026-08-09"
"4506529","動画の編集や制作用ソフトウェア","IN_MARKET","in_market","ソフトウェア","","https://support.google.com/richmedia/answer/17100174?hl=ja","2026-08-09"
"4506649","描画、アニメーション ソフトウェア","IN_MARKET","in_market","ソフトウェア","デザイン ソフトウェア","https://support.google.com/richmedia/answer/17100174?hl=ja","2026-08-09"
"4506769","写真編集ソフトウェア","IN_MARKET","in_market","ソフトウェア","デザイン ソフトウェア","https://support.google.com/richmedia/answer/17100174?hl=ja","2026-08-09"
"4506889","美容教育、トレーニング","IN_MARKET","in_market","教育","大学、短期大学","https://support.google.com/richmedia/answer/17100174?hl=ja","2026-08-09"
"4507009","携帯電話、スマートフォン","IN_MARKET","in_market","家電","","https://support.google.com/richmedia/answer/17100174?hl=ja","2026-08-09"
"4507129","旅行","IN_MARKET","in_market","","","https://support.google.com/richmedia/answer/17100174?hl=ja","2026-08-09"
"4507249","飛行機旅行","IN_MARKET","in_market","旅行","","https://support.google.com/richmedia/answer/17100174?hl=ja","2026-08-09"
"4507369","レンタカー","IN_MARKET","in_market","旅行","","https://support.google.com/richmedia/answer/17100174?hl=ja","2026-08-09"
"4507489","クルージング","IN_MARKET","in_market","旅行","","https://support.google.com/richmedia/answer/17100174?hl=ja","2026-08-09"
"4507609","ホテル、宿泊施設","IN_MARKET","in_market","旅行","","https://support.google.com/richmedia/answer/17100174?hl=ja","2026-08-09"
"4509169","アウトドア ファン","AFFINITY","affinity","ライフスタイル、趣味","","https://support.google.com/richmedia/answer/17100174?hl=ja","2026-08-09"
"4509289","スポーツファン","AFFINITY","affinity","スポーツ、フィットネス","","https://support.google.com/richmedia/answer/17100174?hl=ja","2026-08-09"
"4509409","アメリカン フットボール ファン","AFFINITY","affinity","スポーツ、フィットネス","スポーツファン","https://support.google.com/richmedia/answer/17100174?hl=ja","2026-08-09"
"4509529","バスケットボール ファン","AFFINITY","affinity","スポーツ、フィットネス","スポーツファン","https://support.google.com/richmedia/answer/17100174?hl=ja","2026-08-09"
"4509649","サッカーファン","AFFINITY","affinity","スポーツ、フィットネス","スポーツファン","https://support.google.com/richmedia/answer/17100174?hl=ja","2026-08-09"
"4509769","野球ファン","AFFINITY","affinity","スポーツ、フィットネス","スポーツファン","https://support.google.com/richmedia/answer/17100174?hl=ja","2026-08-09"
"4509889","ホッケーファン","AFFINITY","affinity","スポーツ、フィットネス","スポーツファン","https://support.google.com/richmedia/answer/17100174?hl=ja","2026-08-09"
"4510009","ゴルフファン","AFFINITY","affinity","スポーツ、フィットネス","スポーツファン","https://support.google.com/richmedia/answer/17100174?hl=ja","2026-08-09"
"4510129","テニスファン","AFFINITY","affinity","スポーツ、フィットネス","スポーツファン","https://support.google.com/richmedia/answer/17100174?hl=ja","2026-08-09"
"4510249","ラケットボール ファン","AFFINITY","affinity","スポーツ、フィットネス","スポーツファン","https://support.google.com/richmedia/answer/17100174?hl=ja","2026-08-09"
"4510369","ボート、ヨットファン","AFFINITY","affinity","スポーツ、フィットネス","スポーツファン","https://support.google.com/richmedia/answer/17100174?hl=ja","2026-08-09"
"4510489","ウィンター スポーツ ファン","AFFINITY","affinity","スポーツ、フィットネス","スポーツファン","https://support.google.com/richmedia/answer/17100174?hl=ja","2026-08-09"
"4510609","ウォーター スポーツ ファン","AFFINITY","affinity","スポーツ、フィットネス","スポーツファン","https://support.google.com/richmedia/answer/17100174?hl=ja","2026-08-09"
"4510729","水泳ファン","AFFINITY","affinity","スポーツ、フィットネス","スポーツファン","https://support.google.com/richmedia/answer/17100174?hl=ja","2026-08-09"
"4510849","ランニング ファン","AFFINITY","affinity","スポーツ、フィットネス","スポーツファン","https://support.google.com/richmedia/answer/17100174?hl=ja","2026-08-09"
"4510969","サイクリング ファン","AFFINITY","affinity","スポーツ、フィットネス","スポーツファン","https://support.google.com/richmedia/answer/17100174?hl=ja","2026-08-09"
"4511089","スキーファン","AFFINITY","affinity","スポーツ、フィットネス","スポーツファン","https://support.google.com/richmedia/answer/17100174?hl=ja","2026-08-09"
"4511209","冒険好き","AFFINITY","affinity","ライフスタイル、趣味","","https://support.google.com/richmedia/answer/17100174?hl=ja","2026-08-09"
"4511329","健康、フィットネス マニア","AFFINITY","affinity","スポーツ、フィットネス","","https://support.google.com/richmedia/answer/17100174?hl=ja","2026-08-09"
"4511449","エコ生活愛好者","AFFINITY","affinity","ライフスタイル、趣味","","https://support.google.com/richmedia/answer/17100174?hl=ja","2026-08-09"
"4511569","DIY 愛好者","AFFINITY","affinity","家庭、園芸","","https://support.google.com/richmedia/answer/17100174?hl=ja","2026-08-09"
"4511689","料理愛好家","AFFINITY","affinity","フード、ダイニング","","https://support.google.com/richmedia/answer/17100174?hl=ja","2026-08-09"
"4511809","簡単料理研究家","AFFINITY","affinity","フード、ダイニング","料理愛好家","https://support.google.com/richmedia/answer/17100174?hl=ja","2026-08-09"
"4511929","料理研究家","AFFINITY","affinity","フード、ダイニング","料理愛好家","https://support.google.com/richmedia/answer/17100174?hl=ja","2026-08-09"
"4512049","アマチュア カメラマン","AFFINITY","affinity","ライフスタイル、趣味","","https://support.google.com/richmedia/answer/17100174?hl=ja","2026-08-09"
"4512169","家族中心","AFFINITY","affinity","ライフスタイル、趣味","","https://support.google.com/richmedia/answer/17100174?hl=ja","2026-08-09"
"4512289","ペット愛好者","AFFINITY","affinity","ライフスタイル、趣味","","https://support.google.com/richmedia/answer/17100174?hl=ja","2026-08-09"
"4512409","猫好き","AFFINITY","affinity","ライフスタイル、趣味","ペット愛好者","https://support.google.com/richmedia/answer/17100174?hl=ja","2026-08-09"
"4512529","犬好き","AFFINITY","affinity","ライフスタイル、趣味","ペット愛好者","https://support.google.com/richmedia/answer/17100174?hl=ja","2026-08-09"
"4512649","オートバイ ファン","AFFINITY","affinity","乗り物、交通機関","自動車ファン","https://support.google.com/richmedia/answer/17100174?hl=ja","2026-08-09"
"4512769","高性能車ファン、高級車ファン","AFFINITY","affinity","乗り物、交通機関","自動車ファン","https://support.google.com/richmedia/answer/17100174?hl=ja","2026-08-09"
"4512889","自動車ファン","AFFINITY","affinity","乗り物、交通機関","","https://support.google.com/richmedia/answer/17100174?hl=ja","2026-08-09"
"4513009","旅行好き","AFFINITY","affinity","旅行","","https://support.google.com/richmedia/answer/17100174?hl=ja","2026-08-09"
"4513129","旅行好き（豪華旅行）","AFFINITY","affinity","旅行","旅行好き","https://support.google.com/richmedia/answer/17100174?hl=ja","2026-08-09"
"4513249","旅行好き（家族旅行）","AFFINITY","affinity","旅行","旅行好き","https://support.google.com/richmedia/answer/17100174?hl=ja","2026-08-09"
"4513369","旅行好き（ビーチリゾート）","AFFINITY","affinity","旅行","旅行好き","https://support.google.com/richmedia/answer/17100174?hl=ja","2026-08-09"
"4513489","旅行好き（スノーリゾート）","AFFINITY","affinity","旅行","旅行好き","https://support.google.com/richmedia/answer/17100174?hl=ja","2026-08-09"
"4513609","ゲームファン","AFFINITY","affinity","メディア、エンターテイメント","","https://support.google.com/richmedia/answer/17100174?hl=ja","2026-08-09"
"4513729","ゲームマニア","AFFINITY","affinity","メディア、エンターテイメント","ゲームファン","https://support.google.com/richmedia/answer/17100174?hl=ja","2026-08-09"
"4513849","カジュアル ゲーム、ソーシャル ゲーム ファン","AFFINITY","affinity","メディア、エンターテイメント","ゲームファン","https://support.google.com/richmedia/answer/17100174?hl=ja","2026-08-09"
"4513969","演劇ファン","AFFINITY","affinity","ライフスタイル、趣味","","https://support.google.com/richmedia/answer/17100174?hl=ja","2026-08-09"
"4514089","映画ファン","AFFINITY","affinity","メディア、エンターテイメント","","https://support.google.com/richmedia/answer/17100174?hl=ja","2026-08-09"
"4514209","アクション映画、アドベンチャー映画ファン","AFFINITY","affinity","メディア、エンターテイメント","映画ファン","https://support.google.com/richmedia/answer/17100174?hl=ja","2026-08-09"
"4514329","ファミリー映画ファン","AFFINITY","affinity","メディア、エンターテイメント","映画ファン","https://support.google.com/richmedia/answer/17100174?hl=ja","2026-08-09"
"4514449","コメディ映画ファン","AFFINITY","affinity","メディア、エンターテイメント","映画ファン","https://support.google.com/richmedia/answer/17100174?hl=ja","2026-08-09"
"4514569","ホラー映画ファン","AFFINITY","affinity","メディア、エンターテイメント","映画ファン","https://support.google.com/richmedia/answer/17100174?hl=ja","2026-08-09"
"4514689","恋愛映画、ドラマ映画ファン","AFFINITY","affinity","メディア、エンターテイメント","映画ファン","https://support.google.com/richmedia/answer/17100174?hl=ja","2026-08-09"
"4514809","SF 映画、ファンタジー映画ファン","AFFINITY","affinity","メディア、エンターテイメント","映画ファン","https://support.google.com/richmedia/answer/17100174?hl=ja","2026-08-09"
"4514929","音楽ファン","AFFINITY","affinity","メディア、エンターテイメント","","https://support.google.com/richmedia/answer/17100174?hl=ja","2026-08-09"
"4515049","ポップ ミュージック ファン","AFFINITY","affinity","メディア、エンターテイメント","音楽ファン","https://support.google.com/richmedia/answer/17100174?hl=ja","2026-08-09"
"4515169","ロック ミュージック ファン","AFFINITY","affinity","メディア、エンターテイメント","音楽ファン","https://support.google.com/richmedia/answer/17100174?hl=ja","2026-08-09"
"4515289","クラシック音楽ファン","AFFINITY","affinity","メディア、エンターテイメント","音楽ファン","https://support.google.com/richmedia/answer/17100174?hl=ja","2026-08-09"
"4515409","カントリー ミュージック ファン","AFFINITY","affinity","メディア、エンターテイメント","音楽ファン","https://support.google.com/richmedia/answer/17100174?hl=ja","2026-08-09"
"4515529","ジャズファン","AFFINITY","affinity","メディア、エンターテイメント","音楽ファン","https://support.google.com/richmedia/answer/17100174?hl=ja","2026-08-09"
"4515649","ブルースファン","AFFINITY","affinity","メディア、エンターテイメント","音楽ファン","https://support.google.com/richmedia/answer/17100174?hl=ja","2026-08-09"
"4515769","エレクトロニック ダンス ミュージック ファン","AFFINITY","affinity","メディア、エンターテイメント","音楽ファン","https://support.google.com/richmedia/answer/17100174?hl=ja","2026-08-09"
"4515889","フォーク、伝統音楽ファン","AFFINITY","affinity","メディア、エンターテイメント","音楽ファン","https://support.google.com/richmedia/answer/17100174?hl=ja","2026-08-09"
"4516009","ラップ、ヒップホップ ファン","AFFINITY","affinity","メディア、エンターテイメント","音楽ファン","https://support.google.com/richmedia/answer/17100174?hl=ja","2026-08-09"
"4516129","ヘビーメタル ファン","AFFINITY","affinity","メディア、エンターテイメント","音楽ファン","https://support.google.com/richmedia/answer/17100174?hl=ja","2026-08-09"
"4516249","ラテン音楽のファン","AFFINITY","affinity","メディア、エンターテイメント","音楽ファン","https://support.google.com/richmedia/answer/17100174?hl=ja","2026-08-09"
"4516369","インディーズ ロック、オルタナティブ ロック ファン","AFFINITY","affinity","メディア、エンターテイメント","音楽ファン","https://support.google.com/richmedia/answer/17100174?hl=ja","2026-08-09"
"4516489","ニュース好き","AFFINITY","affinity","ニュースと政治","","https://support.google.com/richmedia/answer/17100174?hl=ja","2026-08-09"
"4516609","ワールド ニュース好き","AFFINITY","affinity","ニュースと政治","ニュース好き","https://support.google.com/richmedia/answer/17100174?hl=ja","2026-08-09"
"4516729","ビジネス ニュース好き","AFFINITY","affinity","ニュースと政治","ニュース好き","https://support.google.com/richmedia/answer/17100174?hl=ja","2026-08-09"
"4516849","ローカル ニュース好き","AFFINITY","affinity","ニュースと政治","ニュース好き","https://support.google.com/richmedia/answer/17100174?hl=ja","2026-08-09"
"4516969","エンターテイメント ニュース好き","AFFINITY","affinity","ニュースと政治","ニュース好き","https://support.google.com/richmedia/answer/17100174?hl=ja","2026-08-09"
"4517089","女性向けメディアのファン","AFFINITY","affinity","ニュースと政治","ニュース好き","https://support.google.com/richmedia/answer/17100174?hl=ja","2026-08-09"
"4517209","男性向けメディアのファン","AFFINITY","affinity","ニュースと政治","ニュース好き","https://support.google.com/richmedia/answer/17100174?hl=ja","2026-08-09"
"4517329","グルメ","AFFINITY","affinity","フード、ダイニング","","https://support.google.com/richmedia/answer/17100174?hl=ja","2026-08-09"
"4517449","バー、ナイトクラブ好き","AFFINITY","affinity","ライフスタイル、趣味","","https://support.google.com/richmedia/answer/17100174?hl=ja","2026-08-09"
"4517569","買い物マニア","AFFINITY","affinity","買い物好き","","https://support.google.com/richmedia/answer/17100174?hl=ja","2026-08-09"
"4517689","高級ブランド好き","AFFINITY","affinity","買い物好き","","https://support.google.com/richmedia/answer/17100174?hl=ja","2026-08-09"
"4517809","節約好き","AFFINITY","affinity","買い物好き","","https://support.google.com/richmedia/answer/17100174?hl=ja","2026-08-09"
"4517929","バーゲン愛好家","AFFINITY","affinity","買い物好き","","https://support.google.com/richmedia/answer/17100174?hl=ja","2026-08-09"
"4518049","ファッショニスタ","AFFINITY","affinity","ライフスタイル、趣味","","https://support.google.com/richmedia/answer/17100174?hl=ja","2026-08-09"
"4518169","美容通","AFFINITY","affinity","美容、健康","","https://support.google.com/richmedia/answer/17100174?hl=ja","2026-08-09"
"4518289","ハイテク好き","AFFINITY","affinity","テクノロジー","","https://support.google.com/richmedia/answer/17100174?hl=ja","2026-08-09"
"4518409","インテリア好き","AFFINITY","affinity","家庭、園芸","","https://support.google.com/richmedia/answer/17100174?hl=ja","2026-08-09"
"4518529","投資マニア","AFFINITY","affinity","銀行、金融","","https://support.google.com/richmedia/answer/17100174?hl=ja","2026-08-09"
"4518649","政治ニュース好き","AFFINITY","affinity","ニュースと政治","ニュース好き","https://support.google.com/richmedia/answer/17100174?hl=ja","2026-08-09"
"4518769","テレビ好き","AFFINITY","affinity","メディア、エンターテイメント","","https://support.google.com/richmedia/answer/17100174?hl=ja","2026-08-09"
"4518889","ドキュメンタリー番組、ノンフィクション番組ファン","AFFINITY","affinity","メディア、エンターテイメント","テレビ好き","https://support.google.com/richmedia/answer/17100174?hl=ja","2026-08-09"
"4519009","テレビドラマ ファン","AFFINITY","affinity","メディア、エンターテイメント","テレビ好き","https://support.google.com/richmedia/answer/17100174?hl=ja","2026-08-09"
"4519129","家族向け番組ファン","AFFINITY","affinity","メディア、エンターテイメント","テレビ好き","https://support.google.com/richmedia/answer/17100174?hl=ja","2026-08-09"
"4519249","生中継、リアリティ番組、トーク番組ファン","AFFINITY","affinity","メディア、エンターテイメント","テレビ好き","https://support.google.com/richmedia/answer/17100174?hl=ja","2026-08-09"
"4519369","SF 番組、ファンタジー番組ファン","AFFINITY","affinity","メディア、エンターテイメント","テレビ好き","https://support.google.com/richmedia/answer/17100174?hl=ja","2026-08-09"
"4519489","お笑い番組ファン","AFFINITY","affinity","メディア、エンターテイメント","テレビ好き","https://support.google.com/richmedia/answer/17100174?hl=ja","2026-08-09"
"4519609","ファストフード愛好家","AFFINITY","affinity","フード、ダイニング","","https://support.google.com/richmedia/answer/17100174?hl=ja","2026-08-09"
"4519729","買い物好き","AFFINITY","affinity","","","https://support.google.com/richmedia/answer/17100174?hl=ja","2026-08-09"
"4519849","通信","IN_MARKET","in_market","","","https://support.google.com/richmedia/answer/17100174?hl=ja","2026-08-09"
"4519969","ケーブル、衛星放送事業者","IN_MARKET","in_market","通信","","https://support.google.com/richmedia/answer/17100174?hl=ja","2026-08-09"
"4520089","インターネット サービス プロバイダ","IN_MARKET","in_market","通信","","https://support.google.com/richmedia/answer/17100174?hl=ja","2026-08-09"
"4520209","携帯電話会社","IN_MARKET","in_market","通信","","https://support.google.com/richmedia/answer/17100174?hl=ja","2026-08-09"
"4528729","飛行機旅行（クラス別）","IN_MARKET","in_market","旅行","飛行機旅行","https://support.google.com/richmedia/answer/17100174?hl=ja","2026-08-09"
"4529089","ホテル（星評価別）","IN_MARKET","in_market","旅行","ホテル、宿泊施設","https://support.google.com/richmedia/answer/17100174?hl=ja","2026-08-09"
"4529209","ビジネスクラス、ファースト クラス","IN_MARKET","in_market","旅行","飛行機旅行 > 飛行機旅行（クラス別）","https://support.google.com/richmedia/answer/17100174?hl=ja","2026-08-09"
"4529329","エコノミー クラス","IN_MARKET","in_market","旅行","飛行機旅行 > 飛行機旅行（クラス別）","https://support.google.com/richmedia/answer/17100174?hl=ja","2026-08-09"
"4529449","1 つ星、2 つ星ホテル","IN_MARKET","in_market","旅行","ホテル、宿泊施設 > ホテル（星評価別）","https://support.google.com/richmedia/answer/17100174?hl=ja","2026-08-09"
"4529569","3 つ星ホテル","IN_MARKET","in_market","旅行","ホテル、宿泊施設 > ホテル（星評価別）","https://support.google.com/richmedia/answer/17100174?hl=ja","2026-08-09"
"4529689","4 つ星ホテル","IN_MARKET","in_market","旅行","ホテル、宿泊施設 > ホテル（星評価別）","https://support.google.com/richmedia/answer/17100174?hl=ja","2026-08-09"
"4529809","5 つ星ホテル","IN_MARKET","in_market","旅行","ホテル、宿泊施設 > ホテル（星評価別）","https://support.google.com/richmedia/answer/17100174?hl=ja","2026-08-09"
"4529929","引越し、移転","IN_MARKET","in_market","不動産","","https://support.google.com/richmedia/answer/17100174?hl=ja","2026-08-09"
"4530049","結婚プラン","IN_MARKET","in_market","ギフト、行事","","https://support.google.com/richmedia/answer/17100174?hl=ja","2026-08-09"
"4530169","レンタカー（エコノミー、コンパクト、ミッドサイズ）","IN_MARKET","in_market","旅行","レンタカー","https://support.google.com/richmedia/answer/17100174?hl=ja","2026-08-09"
"4530289","レンタカー（フルサイズ、スタンダード）","IN_MARKET","in_market","旅行","レンタカー","https://support.google.com/richmedia/answer/17100174?hl=ja","2026-08-09"
"4530409","レンタカー（高級、コンバーチブル、スペシャルティ）","IN_MARKET","in_market","旅行","レンタカー","https://support.google.com/richmedia/answer/17100174?hl=ja","2026-08-09"
"4530529","レンタカー（ミニバン、SUV）","IN_MARKET","in_market","旅行","レンタカー","https://support.google.com/richmedia/answer/17100174?hl=ja","2026-08-09"
"4530649","ベビー、子供用品","IN_MARKET","in_market","","","https://support.google.com/richmedia/answer/17100174?hl=ja","2026-08-09"
"4530769","ベビー、子供用衣料","IN_MARKET","in_market","ベビー、子供用品","","https://support.google.com/richmedia/answer/17100174?hl=ja","2026-08-09"
"4530889","おむつ、ベビー用衛生用品","IN_MARKET","in_market","ベビー、子供用品","","https://support.google.com/richmedia/answer/17100174?hl=ja","2026-08-09"
"4531009","おもちゃ","IN_MARKET","in_market","ベビー、子供用品","","https://support.google.com/richmedia/answer/17100174?hl=ja","2026-08-09"
"4531129","チャイルド シート","IN_MARKET","in_market","ベビー、子供用品","","https://support.google.com/richmedia/answer/17100174?hl=ja","2026-08-09"
"4531249","ベビーカー","IN_MARKET","in_market","ベビー、子供用品","","https://support.google.com/richmedia/answer/17100174?hl=ja","2026-08-09"
"4531369","幼児保育、教育","IN_MARKET","in_market","ベビー、子供用品","","https://support.google.com/richmedia/answer/17100174?hl=ja","2026-08-09"
"4531489","乳幼児用食品","IN_MARKET","in_market","ベビー、子供用品","","https://support.google.com/richmedia/answer/17100174?hl=ja","2026-08-09"
"4531609","ベビー用衣料","IN_MARKET","in_market","ベビー、子供用品","ベビー、子供用衣料","https://support.google.com/richmedia/answer/17100174?hl=ja","2026-08-09"
"4531729","子供服","IN_MARKET","in_market","ベビー、子供用品","ベビー、子供用衣料","https://support.google.com/richmedia/answer/17100174?hl=ja","2026-08-09"
"4531849","幼児保育","IN_MARKET","in_market","ベビー、子供用品","幼児保育、教育","https://support.google.com/richmedia/answer/17100174?hl=ja","2026-08-09"
"4531969","幼児教育","IN_MARKET","in_market","ベビー、子供用品","幼児保育、教育","https://support.google.com/richmedia/answer/17100174?hl=ja","2026-08-09"
"4532089","授乳用品、離乳食用品","IN_MARKET","in_market","ベビー、子供用品","乳幼児用食品","https://support.google.com/richmedia/answer/17100174?hl=ja","2026-08-09"
"4532209","離乳食","IN_MARKET","in_market","ベビー、子供用品","乳幼児用食品","https://support.google.com/richmedia/answer/17100174?hl=ja","2026-08-09"
"4532329","貯蓄口座","IN_MARKET","in_market","金融サービス","銀行サービス","https://support.google.com/richmedia/answer/17100174?hl=ja","2026-08-09"
"4532449","信用調査","IN_MARKET","in_market","金融サービス","クレジット、融資","https://support.google.com/richmedia/answer/17100174?hl=ja","2026-08-09"
"4532569","住宅担保ローン","IN_MARKET","in_market","金融サービス","クレジット、融資 > 住宅ローン","https://support.google.com/richmedia/answer/17100174?hl=ja","2026-08-09"
"4532689","雇用","IN_MARKET","in_market","","","https://support.google.com/richmedia/answer/17100174?hl=ja","2026-08-09"
"4532789","会計、財務系の求人情報","IN_MARKET","in_market","雇用","","https://support.google.com/richmedia/answer/17100174?hl=ja","2026-08-09"
"4532809","事務系の求人情報","IN_MARKET","in_market","雇用","","https://support.google.com/richmedia/answer/17100174?hl=ja","2026-08-09"
"4532929","教育系の求人情報","IN_MARKET","in_market","雇用","","https://support.google.com/richmedia/answer/17100174?hl=ja","2026-08-09"
"4533049","経営、マネジメント系の求人情報","IN_MARKET","in_market","雇用","","https://support.google.com/richmedia/answer/17100174?hl=ja","2026-08-09"
"4533169","行政機関の求人情報","IN_MARKET","in_market","雇用","","https://support.google.com/richmedia/answer/17100174?hl=ja","2026-08-09"
"4533289","医療系の求人情報","IN_MARKET","in_market","雇用","","https://support.google.com/richmedia/answer/17100174?hl=ja","2026-08-09"
"4533409","IT、技術系の求人情報","IN_MARKET","in_market","雇用","","https://support.google.com/richmedia/answer/17100174?hl=ja","2026-08-09"
"4533529","法律系の求人情報","IN_MARKET","in_market","雇用","","https://support.google.com/richmedia/answer/17100174?hl=ja","2026-08-09"
"4533649","販売系の求人情報","IN_MARKET","in_market","雇用","","https://support.google.com/richmedia/answer/17100174?hl=ja","2026-08-09"
"4533769","営業、マーケティング系の求人情報","IN_MARKET","in_market","雇用","","https://support.google.com/richmedia/answer/17100174?hl=ja","2026-08-09"
"4533889","短期アルバイト、季節的な求人情報","IN_MARKET","in_market","雇用","","https://support.google.com/richmedia/answer/17100174?hl=ja","2026-08-09"
"4534009","インターンシップ","IN_MARKET","in_market","雇用","","https://support.google.com/richmedia/answer/17100174?hl=ja","2026-08-09"
"4534129","就職相談サービス","IN_MARKET","in_market","雇用","","https://support.google.com/richmedia/answer/17100174?hl=ja","2026-08-09"
"4534249","履歴書、職歴","IN_MARKET","in_market","雇用","","https://support.google.com/richmedia/answer/17100174?hl=ja","2026-08-09"
"4534369","アパレル、アクセサリー","IN_MARKET","in_market","","","https://support.google.com/richmedia/answer/17100174?hl=ja","2026-08-09"
"4534489","スポーツウェア","IN_MARKET","in_market","アパレル、アクセサリー","","https://support.google.com/richmedia/answer/17100174?hl=ja","2026-08-09"
"4534609","コスチューム","IN_MARKET","in_market","アパレル、アクセサリー","","https://support.google.com/richmedia/answer/17100174?hl=ja","2026-08-09"
"4534729","礼服","IN_MARKET","in_market","アパレル、アクセサリー","","https://support.google.com/richmedia/answer/17100174?hl=ja","2026-08-09"
"4534849","ハンドバッグ","IN_MARKET","in_market","アパレル、アクセサリー","","https://support.google.com/richmedia/answer/17100174?hl=ja","2026-08-09"
"4534969","宝石、時計","IN_MARKET","in_market","アパレル、アクセサリー","","https://support.google.com/richmedia/answer/17100174?hl=ja","2026-08-09"
"4535089","女性用下着","IN_MARKET","in_market","アパレル、アクセサリー","","https://support.google.com/richmedia/answer/17100174?hl=ja","2026-08-09"
"4535209","旅行バッグ","IN_MARKET","in_market","アパレル、アクセサリー","","https://support.google.com/richmedia/answer/17100174?hl=ja","2026-08-09"
"4535329","紳士服","IN_MARKET","in_market","アパレル、アクセサリー","","https://support.google.com/richmedia/answer/17100174?hl=ja","2026-08-09"
"4535449","香水、フレグランス","IN_MARKET","in_market","美容商品、サービス","","https://support.google.com/richmedia/answer/17100174?hl=ja","2026-08-09"
"4535569","アウター","IN_MARKET","in_market","アパレル、アクセサリー","","https://support.google.com/richmedia/answer/17100174?hl=ja","2026-08-09"
"4535689","靴","IN_MARKET","in_market","アパレル、アクセサリー","","https://support.google.com/richmedia/answer/17100174?hl=ja","2026-08-09"
"4535809","水着","IN_MARKET","in_market","アパレル、アクセサリー","","https://support.google.com/richmedia/answer/17100174?hl=ja","2026-08-09"
"4535929","財布、ブリーフケース、革製品","IN_MARKET","in_market","アパレル、アクセサリー","","https://support.google.com/richmedia/answer/17100174?hl=ja","2026-08-09"
"4536049","婦人服","IN_MARKET","in_market","アパレル、アクセサリー","","https://support.google.com/richmedia/answer/17100174?hl=ja","2026-08-09"
"4536169","ブライダル衣装","IN_MARKET","in_market","アパレル、アクセサリー","礼服","https://support.google.com/richmedia/answer/17100174?hl=ja","2026-08-09"
"4536289","ビジネススーツ","IN_MARKET","in_market","アパレル、アクセサリー","礼服","https://support.google.com/richmedia/answer/17100174?hl=ja","2026-08-09"
"4536409","高級ジュエリー","IN_MARKET","in_market","アパレル、アクセサリー","宝石、時計","https://support.google.com/richmedia/answer/17100174?hl=ja","2026-08-09"
"4536529","結婚指輪、婚約指輪","IN_MARKET","in_market","アパレル、アクセサリー","宝石、時計","https://support.google.com/richmedia/answer/17100174?hl=ja","2026-08-09"
"4536649","時計","IN_MARKET","in_market","アパレル、アクセサリー","宝石、時計","https://support.google.com/richmedia/answer/17100174?hl=ja","2026-08-09"
"4536769","スポーツ シューズ","IN_MARKET","in_market","アパレル、アクセサリー","靴","https://support.google.com/richmedia/answer/17100174?hl=ja","2026-08-09"
"4536889","ブーツ","IN_MARKET","in_market","アパレル、アクセサリー","靴","https://support.google.com/richmedia/answer/17100174?hl=ja","2026-08-09"
"4537009","ドレスシューズ","IN_MARKET","in_market","アパレル、アクセサリー","靴","https://support.google.com/richmedia/answer/17100174?hl=ja","2026-08-09"
"4537129","ビジネス サービス","IN_MARKET","in_market","","","https://support.google.com/richmedia/answer/17100174?hl=ja","2026-08-09"
"4553089","ギフト、行事","IN_MARKET","in_market","","","https://support.google.com/richmedia/answer/17100174?hl=ja","2026-08-09"
"4553209","民泊","IN_MARKET","in_market","旅行","ホテル、宿泊施設","https://support.google.com/richmedia/answer/17100174?hl=ja","2026-08-09"
"4553329","自動車部品、アクセサリー","IN_MARKET","in_market","自動車","","https://support.google.com/richmedia/answer/17100174?hl=ja","2026-08-09"
"4553689","自動車修理、メンテナンス","IN_MARKET","in_market","自動車","","https://support.google.com/richmedia/answer/17100174?hl=ja","2026-08-09"
"4553789","自動車外装部品、アクセサリー","IN_MARKET","in_market","自動車","自動車部品、アクセサリー","https://support.google.com/richmedia/answer/17100174?hl=ja","2026-08-09"
"4553929","自動車内装部品、アクセサリー","IN_MARKET","in_market","自動車","自動車部品、アクセサリー","https://support.google.com/richmedia/answer/17100174?hl=ja","2026-08-09"
"4554049","自動車用電子部品","IN_MARKET","in_market","自動車","自動車部品、アクセサリー","https://support.google.com/richmedia/answer/17100174?hl=ja","2026-08-09"
"4554169","カーバッテリー","IN_MARKET","in_market","自動車","自動車部品、アクセサリー","https://support.google.com/richmedia/answer/17100174?hl=ja","2026-08-09"
"4554289","自動車用ブレーキ","IN_MARKET","in_market","自動車","自動車部品、アクセサリー","https://support.google.com/richmedia/answer/17100174?hl=ja","2026-08-09"
"4554409","エンジン、トランスミッション","IN_MARKET","in_market","自動車","自動車部品、アクセサリー","https://support.google.com/richmedia/answer/17100174?hl=ja","2026-08-09"
"4554529","高級車部品、アフターマーケット自動車部品","IN_MARKET","in_market","自動車","自動車部品、アクセサリー","https://support.google.com/richmedia/answer/17100174?hl=ja","2026-08-09"
"4554649","ホイール、タイヤ","IN_MARKET","in_market","自動車","自動車部品、アクセサリー","https://support.google.com/richmedia/answer/17100174?hl=ja","2026-08-09"
"4554769","ガラス修理、交換","IN_MARKET","in_market","自動車","自動車修理、メンテナンス","https://support.google.com/richmedia/answer/17100174?hl=ja","2026-08-09"
"4554889","ブレーキ修理","IN_MARKET","in_market","自動車","自動車修理、メンテナンス","https://support.google.com/richmedia/answer/17100174?hl=ja","2026-08-09"
"4555009","自動車車体修理","IN_MARKET","in_market","自動車","自動車修理、メンテナンス","https://support.google.com/richmedia/answer/17100174?hl=ja","2026-08-09"
"4555129","オイル交換","IN_MARKET","in_market","自動車","自動車修理、メンテナンス","https://support.google.com/richmedia/answer/17100174?hl=ja","2026-08-09"
"4555249","変速機の修理","IN_MARKET","in_market","自動車","自動車修理、メンテナンス","https://support.google.com/richmedia/answer/17100174?hl=ja","2026-08-09"
"4555369","住居、庭に関するサービス","IN_MARKET","in_market","家庭、園芸","","https://support.google.com/richmedia/answer/17100174?hl=ja","2026-08-09"
"4555489","建築関連のサービス","IN_MARKET","in_market","家庭、園芸","住居、庭に関するサービス","https://support.google.com/richmedia/answer/17100174?hl=ja","2026-08-09"
"4555609","カーペットの張り替え","IN_MARKET","in_market","家庭、園芸","住居、庭に関するサービス","https://support.google.com/richmedia/answer/17100174?hl=ja","2026-08-09"
"4555729","ドア、窓の取り付け","IN_MARKET","in_market","家庭、園芸","住居、庭に関するサービス","https://support.google.com/richmedia/answer/17100174?hl=ja","2026-08-09"
"4555849","電気工事","IN_MARKET","in_market","家庭、園芸","住居、庭に関するサービス","https://support.google.com/richmedia/answer/17100174?hl=ja","2026-08-09"
"4555969","フローリング サービス","IN_MARKET","in_market","家庭、園芸","住居、庭に関するサービス","https://support.google.com/richmedia/answer/17100174?hl=ja","2026-08-09"
"4556089","一般的な請負、リフォーム サービス","IN_MARKET","in_market","家庭、園芸","住居、庭に関するサービス","https://support.google.com/richmedia/answer/17100174?hl=ja","2026-08-09"
"4556329","ホーム クリーニング サービス","IN_MARKET","in_market","家庭、園芸","住居、庭に関するサービス","https://support.google.com/richmedia/answer/17100174?hl=ja","2026-08-09"
"4556449","家屋の検査サービス","IN_MARKET","in_market","家庭、園芸","住居、庭に関するサービス","https://support.google.com/richmedia/answer/17100174?hl=ja","2026-08-09"
"4556569","インテリア デザイン、装飾に関するサービス","IN_MARKET","in_market","家庭、園芸","住居、庭に関するサービス","https://support.google.com/richmedia/answer/17100174?hl=ja","2026-08-09"
"4556689","造園設計","IN_MARKET","in_market","家庭、園芸","住居、庭に関するサービス","https://support.google.com/richmedia/answer/17100174?hl=ja","2026-08-09"
"4556809","鍵サービス","IN_MARKET","in_market","家庭、園芸","住居、庭に関するサービス","https://support.google.com/richmedia/answer/17100174?hl=ja","2026-08-09"
"4557049","塗装サービス","IN_MARKET","in_market","家庭、園芸","住居、庭に関するサービス","https://support.google.com/richmedia/answer/17100174?hl=ja","2026-08-09"
"4557169","害虫、害獣駆除サービス","IN_MARKET","in_market","家庭、園芸","住居、庭に関するサービス","https://support.google.com/richmedia/answer/17100174?hl=ja","2026-08-09"
"4557289","配管サービス","IN_MARKET","in_market","家庭、園芸","住居、庭に関するサービス","https://support.google.com/richmedia/answer/17100174?hl=ja","2026-08-09"
"4557409","屋根ふきサービス","IN_MARKET","in_market","家庭、園芸","住居、庭に関するサービス","https://support.google.com/richmedia/answer/17100174?hl=ja","2026-08-09"
"4557529","屋外用アイテム","IN_MARKET","in_market","家庭、園芸","","https://support.google.com/richmedia/answer/17100174?hl=ja","2026-08-09"
"4557649","家庭向け収納整理用品","IN_MARKET","in_market","家庭、園芸","家具","https://support.google.com/richmedia/answer/17100174?hl=ja","2026-08-09"
"4557769","祝祭日用のアイテムや飾り","IN_MARKET","in_market","ギフト、行事","","https://support.google.com/richmedia/answer/17100174?hl=ja","2026-08-09"
"4557889","パーティー用品、プランニング","IN_MARKET","in_market","ギフト、行事","","https://support.google.com/richmedia/answer/17100174?hl=ja","2026-08-09"
"4558009","パーソナライズド ギフト","IN_MARKET","in_market","ギフト、行事","","https://support.google.com/richmedia/answer/17100174?hl=ja","2026-08-09"
"4558129","写真、ビデオ撮影","IN_MARKET","in_market","ギフト、行事","","https://support.google.com/richmedia/answer/17100174?hl=ja","2026-08-09"
"4558249","花","IN_MARKET","in_market","ギフト、行事","","https://support.google.com/richmedia/answer/17100174?hl=ja","2026-08-09"
"4558369","詰め合わせギフト","IN_MARKET","in_market","ギフト、行事","","https://support.google.com/richmedia/answer/17100174?hl=ja","2026-08-09"
"4558489","クリスマス用品、飾り","IN_MARKET","in_market","ギフト、行事","祝祭日用のアイテムや飾り","https://support.google.com/richmedia/answer/17100174?hl=ja","2026-08-09"
"4558609","ハロウィン用品、飾り","IN_MARKET","in_market","ギフト、行事","祝祭日用のアイテムや飾り","https://support.google.com/richmedia/answer/17100174?hl=ja","2026-08-09"
"4558729","バレンタイン用品、飾り","IN_MARKET","in_market","ギフト、行事","祝祭日用のアイテムや飾り","https://support.google.com/richmedia/answer/17100174?hl=ja","2026-08-09"
"4558849","イベント企画","IN_MARKET","in_market","ギフト、行事","パーティー用品、プランニング","https://support.google.com/richmedia/answer/17100174?hl=ja","2026-08-09"
"4558969","パーティー用品","IN_MARKET","in_market","ギフト、行事","パーティー用品、プランニング","https://support.google.com/richmedia/answer/17100174?hl=ja","2026-08-09"
"4559089","イベント カメラマン、スタジオ","IN_MARKET","in_market","ギフト、行事","写真、ビデオ撮影","https://support.google.com/richmedia/answer/17100174?hl=ja","2026-08-09"
"4559329","写真の印刷サービス","IN_MARKET","in_market","ギフト、行事","写真、ビデオ撮影","https://support.google.com/richmedia/answer/17100174?hl=ja","2026-08-09"
"4559449","広告、マーケティング サービス","IN_MARKET","in_market","ビジネス サービス","","https://support.google.com/richmedia/answer/17100174?hl=ja","2026-08-09"
"4559569","ビジネス金融サービス","IN_MARKET","in_market","ビジネス サービス","","https://support.google.com/richmedia/answer/17100174?hl=ja","2026-08-09"
"4559689","ビジネス印刷、ドキュメント サービス","IN_MARKET","in_market","ビジネス サービス","","https://support.google.com/richmedia/answer/17100174?hl=ja","2026-08-09"
"4559809","ビジネス テクノロジー","IN_MARKET","in_market","ビジネス サービス","","https://support.google.com/richmedia/answer/17100174?hl=ja","2026-08-09"
"4559929","企業イベント企画","IN_MARKET","in_market","ビジネス サービス","","https://support.google.com/richmedia/answer/17100174?hl=ja","2026-08-09"
"4560049","事務用品","IN_MARKET","in_market","ビジネス サービス","","https://support.google.com/richmedia/answer/17100174?hl=ja","2026-08-09"
"4560169","支払い処理、決済処理サービス","IN_MARKET","in_market","ビジネス サービス","","https://support.google.com/richmedia/answer/17100174?hl=ja","2026-08-09"
"4560289","給与サービス","IN_MARKET","in_market","ビジネス サービス","","https://support.google.com/richmedia/answer/17100174?hl=ja","2026-08-09"
"4560409","人材サービス、リクルート サービス","IN_MARKET","in_market","ビジネス サービス","","https://support.google.com/richmedia/answer/17100174?hl=ja","2026-08-09"
"4560649","SEO、SEM サービス","IN_MARKET","in_market","ビジネス サービス","広告、マーケティング サービス","https://support.google.com/richmedia/answer/17100174?hl=ja","2026-08-09"
"4561009","エンタープライズ ソフトウェア","IN_MARKET","in_market","ビジネス サービス","ビジネス テクノロジー","https://support.google.com/richmedia/answer/17100174?hl=ja","2026-08-09"
"4561129","ネットワーク システム、サービス","IN_MARKET","in_market","ビジネス サービス","ビジネス テクノロジー","https://support.google.com/richmedia/answer/17100174?hl=ja","2026-08-09"
"4561249","ウェブサービス","IN_MARKET","in_market","ビジネス サービス","ビジネス テクノロジー","https://support.google.com/richmedia/answer/17100174?hl=ja","2026-08-09"
"4561369","オフィス家具","IN_MARKET","in_market","ビジネス サービス","事務用品","https://support.google.com/richmedia/answer/17100174?hl=ja","2026-08-09"
"4561489","コラボレーション、会議ツール","IN_MARKET","in_market","ビジネス サービス","ビジネス テクノロジー > 企業向けソフトウェア","https://support.google.com/richmedia/answer/17100174?hl=ja","2026-08-09"
"4561609","CRM ソリューション","IN_MARKET","in_market","ビジネス サービス","ビジネス テクノロジー > 企業向けソフトウェア","https://support.google.com/richmedia/answer/17100174?hl=ja","2026-08-09"
"4561729","ERP ソリューション","IN_MARKET","in_market","ビジネス サービス","ビジネス テクノロジー > 企業向けソフトウェア","https://support.google.com/richmedia/answer/17100174?hl=ja","2026-08-09"
"4561849","ヘルプデスク、カスタマー サポート ソリューション","IN_MARKET","in_market","ビジネス サービス","ビジネス テクノロジー > 企業向けソフトウェア","https://support.google.com/richmedia/answer/17100174?hl=ja","2026-08-09"
"4561969","ホストデータ、クラウド ストレージ","IN_MARKET","in_market","ビジネス サービス","ビジネス テクノロジー > ネットワーク システム、サービス","https://support.google.com/richmedia/answer/17100174?hl=ja","2026-08-09"
"4562089","ネットワーク、エンタープライズ セキュリティ","IN_MARKET","in_market","ビジネス サービス","ビジネス テクノロジー > ネットワーク システム、サービス","https://support.google.com/richmedia/answer/17100174?hl=ja","2026-08-09"
"4562209","ネットワーク装置、仮想化","IN_MARKET","in_market","ビジネス サービス","ビジネス テクノロジー > ネットワーク システム、サービス","https://support.google.com/richmedia/answer/17100174?hl=ja","2026-08-09"
"4562329","ネットワーク管理","IN_MARKET","in_market","ビジネス サービス","ビジネス テクノロジー > ネットワーク システム、サービス","https://support.google.com/richmedia/answer/17100174?hl=ja","2026-08-09"
"4562449","ドメイン登録","IN_MARKET","in_market","ビジネス サービス","ビジネス テクノロジー > ウェブサービス","https://support.google.com/richmedia/answer/17100174?hl=ja","2026-08-09"
"4562569","ウェブデザイン、開発","IN_MARKET","in_market","ビジネス サービス","ビジネス テクノロジー > ウェブサービス","https://support.google.com/richmedia/answer/17100174?hl=ja","2026-08-09"
"4562689","ウェブ ホスティング","IN_MARKET","in_market","ビジネス サービス","ビジネス テクノロジー > ウェブサービス","https://support.google.com/richmedia/answer/17100174?hl=ja","2026-08-09"
"4562809","スポーツ、フィットネス","IN_MARKET","in_market","","","https://support.google.com/richmedia/answer/17100174?hl=ja","2026-08-09"
"4562929","美容、パーソナルケア","IN_MARKET","in_market","","","https://support.google.com/richmedia/answer/17100174?hl=ja","2026-08-09"
"4563049","フィットネス商品、サービス","IN_MARKET","in_market","スポーツ、フィットネス","","https://support.google.com/richmedia/answer/17100174?hl=ja","2026-08-09"
"4563169","アウトドア用品","IN_MARKET","in_market","スポーツ、フィットネス","","https://support.google.com/richmedia/answer/17100174?hl=ja","2026-08-09"
"4563289","スポーツ用品","IN_MARKET","in_market","スポーツ、フィットネス","","https://support.google.com/richmedia/answer/17100174?hl=ja","2026-08-09"
"4563409","ヘアケア商品","IN_MARKET","in_market","美容商品、サービス","","https://support.google.com/richmedia/answer/17100174?hl=ja","2026-08-09"
"4563529","バス、ボディ商品","IN_MARKET","in_market","美容商品、サービス","","https://support.google.com/richmedia/answer/17100174?hl=ja","2026-08-09"
"4563649","日焼け用、日焼け対策商品","IN_MARKET","in_market","美容商品、サービス","","https://support.google.com/richmedia/answer/17100174?hl=ja","2026-08-09"
"4563769","メイク、化粧品","IN_MARKET","in_market","美容商品、サービス","","https://support.google.com/richmedia/answer/17100174?hl=ja","2026-08-09"
"4563889","スキンケア商品","IN_MARKET","in_market","美容商品、サービス","","https://support.google.com/richmedia/answer/17100174?hl=ja","2026-08-09"
"4564009","スパ、美容サービス","IN_MARKET","in_market","美容商品、サービス","","https://support.google.com/richmedia/answer/17100174?hl=ja","2026-08-09"
"4564129","フィットネス器具","IN_MARKET","in_market","スポーツ、フィットネス","フィットネス商品、サービス","https://support.google.com/richmedia/answer/17100174?hl=ja","2026-08-09"
"4564489","フィットネス クラス、個別トレーニング サービス","IN_MARKET","in_market","スポーツ、フィットネス","フィットネス商品、サービス","https://support.google.com/richmedia/answer/17100174?hl=ja","2026-08-09"
"4564609","ジム、アスレチック クラブ","IN_MARKET","in_market","スポーツ、フィットネス","フィットネス商品、サービス","https://support.google.com/richmedia/answer/17100174?hl=ja","2026-08-09"
"4564729","キャンプ、ハイキング用品","IN_MARKET","in_market","スポーツ、フィットネス","アウトドア用品","https://support.google.com/richmedia/answer/17100174?hl=ja","2026-08-09"
"4564849","釣り用品","IN_MARKET","in_market","スポーツ、フィットネス","アウトドア用品","https://support.google.com/richmedia/answer/17100174?hl=ja","2026-08-09"
"4564969","ゴルフ用品","IN_MARKET","in_market","スポーツ、フィットネス","スポーツ用品","https://support.google.com/richmedia/answer/17100174?hl=ja","2026-08-09"
"4565689","ウィンター スポーツ用品","IN_MARKET","in_market","スポーツ、フィットネス","スポーツ用品","https://support.google.com/richmedia/answer/17100174?hl=ja","2026-08-09"
"4566529","アイメイク","IN_MARKET","in_market","美容商品、サービス","メイク、化粧品","https://support.google.com/richmedia/answer/17100174?hl=ja","2026-08-09"
"4566649","フェイスメイク","IN_MARKET","in_market","美容商品、サービス","メイク、化粧品","https://support.google.com/richmedia/answer/17100174?hl=ja","2026-08-09"
"4566769","リップメイク","IN_MARKET","in_market","美容商品、サービス","メイク、化粧品","https://support.google.com/richmedia/answer/17100174?hl=ja","2026-08-09"
"4566889","ネイルケア商品","IN_MARKET","in_market","美容商品、サービス","メイク、化粧品","https://support.google.com/richmedia/answer/17100174?hl=ja","2026-08-09"
"4567009","アンチエイジング スキンケア商品","IN_MARKET","in_market","美容商品、サービス","スキンケア商品","https://support.google.com/richmedia/answer/17100174?hl=ja","2026-08-09"
"4567129","洗顔、メイク落とし","IN_MARKET","in_market","美容商品、サービス","スキンケア商品","https://support.google.com/richmedia/answer/17100174?hl=ja","2026-08-09"
"4567249","化粧水、保湿剤","IN_MARKET","in_market","美容商品、サービス","スキンケア商品","https://support.google.com/richmedia/answer/17100174?hl=ja","2026-08-09"
"4567369","フィットネス商品","IN_MARKET","in_market","スポーツ、フィットネス","フィットネス商品、サービス > エクササイズ用品","https://support.google.com/richmedia/answer/17100174?hl=ja","2026-08-09"
"4568209","ウェイト トレーニング器具","IN_MARKET","in_market","スポーツ、フィットネス","フィットネス商品、サービス > エクササイズ用品","https://support.google.com/richmedia/answer/17100174?hl=ja","2026-08-09"
"4568329","デートサービス","IN_MARKET","in_market","","","https://support.google.com/richmedia/answer/17100174?hl=ja","2026-08-09"
"4568449","イベント チケット","IN_MARKET","in_market","","","https://support.google.com/richmedia/answer/17100174?hl=ja","2026-08-09"
"4568569","格闘技、レスリング ファン","AFFINITY","affinity","スポーツ、フィットネス","スポーツファン","https://support.google.com/richmedia/answer/17100174?hl=ja","2026-08-09"
"4568689","モーター スポーツ ファン","AFFINITY","affinity","スポーツ、フィットネス","スポーツファン","https://support.google.com/richmedia/answer/17100174?hl=ja","2026-08-09"
"4568809","アクション ゲーム ファン","AFFINITY","affinity","メディア、エンターテイメント","ゲームファン","https://support.google.com/richmedia/answer/17100174?hl=ja","2026-08-09"
"4568929","アドベンチャー ゲーム、ウォー ゲーム ファン","AFFINITY","affinity","メディア、エンターテイメント","ゲームファン","https://support.google.com/richmedia/answer/17100174?hl=ja","2026-08-09"
"4569049","ドライビング ゲーム、レース ゲーム ファン","AFFINITY","affinity","メディア、エンターテイメント","ゲームファン","https://support.google.com/richmedia/answer/17100174?hl=ja","2026-08-09"
"4569169","ロールプレイング ゲーム ファン","AFFINITY","affinity","メディア、エンターテイメント","ゲームファン","https://support.google.com/richmedia/answer/17100174?hl=ja","2026-08-09"
"4569289","シューティング ゲーム ファン","AFFINITY","affinity","メディア、エンターテイメント","ゲームファン","https://support.google.com/richmedia/answer/17100174?hl=ja","2026-08-09"
"4569409","スポーツ ゲーム ファン","AFFINITY","affinity","メディア、エンターテイメント","ゲームファン","https://support.google.com/richmedia/answer/17100174?hl=ja","2026-08-09"
"4569529","モバイルファン","AFFINITY","affinity","テクノロジー","","https://support.google.com/richmedia/answer/17100174?hl=ja","2026-08-09"
"4569649","ソーシャル メディア ファン","AFFINITY","affinity","テクノロジー","","https://support.google.com/richmedia/answer/17100174?hl=ja","2026-08-09"
"4569769","トラック、SUV ファン","AFFINITY","affinity","乗り物、交通機関","自動車ファン","https://support.google.com/richmedia/answer/17100174?hl=ja","2026-08-09"
"4569889","ビジネスのプロフェッショナル","AFFINITY","affinity","ライフスタイル、趣味","","https://support.google.com/richmedia/answer/17100174?hl=ja","2026-08-09"
"4570009","コミック、アニメーション ファン","AFFINITY","affinity","メディア、エンターテイメント","","https://support.google.com/richmedia/answer/17100174?hl=ja","2026-08-09"
"4570129","ワールド ミュージック ファン","AFFINITY","affinity","メディア、エンターテイメント","音楽ファン","https://support.google.com/richmedia/answer/17100174?hl=ja","2026-08-09"
"4570249","南アジア映画のファン","AFFINITY","affinity","メディア、エンターテイメント","映画ファン","https://support.google.com/richmedia/answer/17100174?hl=ja","2026-08-09"
"4570369","クリケット ファン","AFFINITY","affinity","スポーツ、フィットネス","スポーツファン","https://support.google.com/richmedia/answer/17100174?hl=ja","2026-08-09"
"4570489","ラグビーファン","AFFINITY","affinity","スポーツ、フィットネス","スポーツファン","https://support.google.com/richmedia/answer/17100174?hl=ja","2026-08-09"
"4570609","オーストラリアン フットボール ファン","AFFINITY","affinity","スポーツ、フィットネス","スポーツファン","https://support.google.com/richmedia/answer/17100174?hl=ja","2026-08-09"
"4570729","舞台芸術のチケット","IN_MARKET","in_market","イベント チケット","","https://support.google.com/richmedia/answer/17100174?hl=ja","2026-08-09"
"4570849","ブロードウェイ、劇場のチケット","IN_MARKET","in_market","イベント チケット","舞台芸術のチケット","https://support.google.com/richmedia/answer/17100174?hl=ja","2026-08-09"
"4570969","コンサート、音楽祭のチケット","IN_MARKET","in_market","イベント チケット","","https://support.google.com/richmedia/answer/17100174?hl=ja","2026-08-09"
"4571089","スポーツのチケット","IN_MARKET","in_market","イベント チケット","","https://support.google.com/richmedia/answer/17100174?hl=ja","2026-08-09"
"4571129","アメリカン フットボールのチケット","IN_MARKET","in_market","イベント チケット","スポーツのチケット","https://support.google.com/richmedia/answer/17100174?hl=ja","2026-08-09"
"4571209","野球のチケット","IN_MARKET","in_market","イベント チケット","スポーツのチケット","https://support.google.com/richmedia/answer/17100174?hl=ja","2026-08-09"
"4571329","バスケットボールのチケット","IN_MARKET","in_market","イベント チケット","スポーツのチケット","https://support.google.com/richmedia/answer/17100174?hl=ja","2026-08-09"
"4571449","ホッケーのチケット","IN_MARKET","in_market","イベント チケット","スポーツのチケット","https://support.google.com/richmedia/answer/17100174?hl=ja","2026-08-09"
"4571569","サッカーのチケット","IN_MARKET","in_market","イベント チケット","スポーツのチケット","https://support.google.com/richmedia/answer/17100174?hl=ja","2026-08-09"
"4571689","バス、鉄道での旅行","IN_MARKET","in_market","旅行","","https://support.google.com/richmedia/answer/17100174?hl=ja","2026-08-09"
"4571809","旅（目的地別）","IN_MARKET","in_market","旅行","","https://support.google.com/richmedia/answer/17100174?hl=ja","2026-08-09"
"4571929","アジア太平洋地域への旅","IN_MARKET","in_market","旅行","旅（目的地別）","https://support.google.com/richmedia/answer/17100174?hl=ja","2026-08-09"
"4572049","ヨーロッパへの旅","IN_MARKET","in_market","旅行","旅（目的地別）","https://support.google.com/richmedia/answer/17100174?hl=ja","2026-08-09"
"4572169","ラテンアメリカへの旅","IN_MARKET","in_market","旅行","旅（目的地別）","https://support.google.com/richmedia/answer/17100174?hl=ja","2026-08-09"
"4572289","中東、アフリカへの旅","IN_MARKET","in_market","旅行","旅（目的地別）","https://support.google.com/richmedia/answer/17100174?hl=ja","2026-08-09"
"4572409","北アメリカへの旅","IN_MARKET","in_market","旅行","旅（目的地別）","https://support.google.com/richmedia/answer/17100174?hl=ja","2026-08-09"
"4572529","バリへの旅","IN_MARKET","in_market","旅行","旅（目的地別）> アジア太平洋地域への旅 > インドネシアへの旅","https://support.google.com/richmedia/answer/17100174?hl=ja","2026-08-09"
"4572649","バンコクへの旅","IN_MARKET","in_market","旅行","旅（目的地別）> アジア太平洋地域への旅 > タイへの旅","https://support.google.com/richmedia/answer/17100174?hl=ja","2026-08-09"
"4572769","北京への旅","IN_MARKET","in_market","旅行","旅（目的地別）> アジア太平洋地域への旅 > 中国への旅","https://support.google.com/richmedia/answer/17100174?hl=ja","2026-08-09"
"4572889","福岡への旅","IN_MARKET","in_market","旅行","旅（目的地別）> アジア太平洋地域への旅 > 日本への旅","https://support.google.com/richmedia/answer/17100174?hl=ja","2026-08-09"
"4573009","香港への旅","IN_MARKET","in_market","旅行","旅（目的地別）> アジア太平洋地域への旅","https://support.google.com/richmedia/answer/17100174?hl=ja","2026-08-09"
"4573129","インドへの旅","IN_MARKET","in_market","旅行","旅（目的地別）> アジア太平洋地域への旅","https://support.google.com/richmedia/answer/17100174?hl=ja","2026-08-09"
"4573249","京都、大阪、神戸への旅","IN_MARKET","in_market","旅行","旅（目的地別）> アジア太平洋地域への旅 > 日本への旅","https://support.google.com/richmedia/answer/17100174?hl=ja","2026-08-09"
"4573369","マレーシアへの旅","IN_MARKET","in_market","旅行","旅（目的地別）> アジア太平洋地域への旅","https://support.google.com/richmedia/answer/17100174?hl=ja","2026-08-09"
"4573489","メルボルンへの旅","IN_MARKET","in_market","旅行","旅（目的地別）> アジア太平洋地域への旅 > オーストラリアへの旅","https://support.google.com/richmedia/answer/17100174?hl=ja","2026-08-09"
"4573609","名古屋への旅","IN_MARKET","in_market","旅行","旅（目的地別）> アジア太平洋地域への旅 > 日本への旅","https://support.google.com/richmedia/answer/17100174?hl=ja","2026-08-09"
"4573729","ニュージーランドへの旅","IN_MARKET","in_market","旅行","旅（目的地別）> アジア太平洋地域への旅","https://support.google.com/richmedia/answer/17100174?hl=ja","2026-08-09"
"4573849","フィリピンへの旅","IN_MARKET","in_market","旅行","旅（目的地別）> アジア太平洋地域への旅","https://support.google.com/richmedia/answer/17100174?hl=ja","2026-08-09"
"4573969","ソウルへの旅","IN_MARKET","in_market","旅行","旅（目的地別）> アジア太平洋地域への旅","https://support.google.com/richmedia/answer/17100174?hl=ja","2026-08-09"
"4574089","上海への旅","IN_MARKET","in_market","旅行","旅（目的地別）> アジア太平洋地域への旅 > 中国への旅","https://support.google.com/richmedia/answer/17100174?hl=ja","2026-08-09"
"4574209","シンガポールへの旅","IN_MARKET","in_market","旅行","旅（目的地別）> アジア太平洋地域への旅","https://support.google.com/richmedia/answer/17100174?hl=ja","2026-08-09"
"4574329","シドニーへの旅","IN_MARKET","in_market","旅行","旅（目的地別）> アジア太平洋地域への旅 > オーストラリアへの旅","https://support.google.com/richmedia/answer/17100174?hl=ja","2026-08-09"
"4574449","台北への旅","IN_MARKET","in_market","旅行","旅（目的地別）> アジア太平洋地域への旅","https://support.google.com/richmedia/answer/17100174?hl=ja","2026-08-09"
"4574569","東京への旅","IN_MARKET","in_market","旅行","旅（目的地別）> アジア太平洋地域への旅 > 日本への旅","https://support.google.com/richmedia/answer/17100174?hl=ja","2026-08-09"
"4574689","ベトナムへの旅","IN_MARKET","in_market","旅行","旅（目的地別）> アジア太平洋地域への旅","https://support.google.com/richmedia/answer/17100174?hl=ja","2026-08-09"
"4574809","アムステルダムへの旅","IN_MARKET","in_market","旅行","旅（目的地別）> ヨーロッパへの旅","https://support.google.com/richmedia/answer/17100174?hl=ja","2026-08-09"
"4574929","バルセロナへの旅","IN_MARKET","in_market","旅行","旅（目的地別）> ヨーロッパへの旅 > スペインへの旅","https://support.google.com/richmedia/answer/17100174?hl=ja","2026-08-09"
"4575049","ベルリンへの旅","IN_MARKET","in_market","旅行","旅（目的地別）> ヨーロッパへの旅 > ドイツへの旅","https://support.google.com/richmedia/answer/17100174?hl=ja","2026-08-09"
"4575169","カナリア諸島への旅","IN_MARKET","in_market","旅行","旅（目的地別）> ヨーロッパへの旅 > スペインへの旅","https://support.google.com/richmedia/answer/17100174?hl=ja","2026-08-09"
"4575289","クロアチアへの旅","IN_MARKET","in_market","旅行","旅（目的地別）> ヨーロッパへの旅","https://support.google.com/richmedia/answer/17100174?hl=ja","2026-08-09"
"4575409","フランクフルトへの旅","IN_MARKET","in_market","旅行","旅（目的地別）> ヨーロッパへの旅 > ドイツへの旅","https://support.google.com/richmedia/answer/17100174?hl=ja","2026-08-09"
"4575529","ギリシャへの旅","IN_MARKET","in_market","旅行","旅（目的地別）> ヨーロッパへの旅","https://support.google.com/richmedia/answer/17100174?hl=ja","2026-08-09"
"4575649","アイルランドへの旅","IN_MARKET","in_market","旅行","旅（目的地別）> ヨーロッパへの旅","https://support.google.com/richmedia/answer/17100174?hl=ja","2026-08-09"
"4575769","イギリス、ロンドンへの旅","IN_MARKET","in_market","旅行","旅（目的地別）> ヨーロッパへの旅 > イギリスへの旅","https://support.google.com/richmedia/answer/17100174?hl=ja","2026-08-09"
"4575889","マドリッドへの旅","IN_MARKET","in_market","旅行","旅（目的地別）> ヨーロッパへの旅 > スペインへの旅","https://support.google.com/richmedia/answer/17100174?hl=ja","2026-08-09"
"4576009","モスクワへの旅","IN_MARKET","in_market","旅行","旅（目的地別）> ヨーロッパへの旅","https://support.google.com/richmedia/answer/17100174?hl=ja","2026-08-09"
"4576129","パリへの旅","IN_MARKET","in_market","旅行","旅（目的地別）> ヨーロッパへの旅 > フランスへの旅","https://support.google.com/richmedia/answer/17100174?hl=ja","2026-08-09"
"4576249","プラハへの旅","IN_MARKET","in_market","旅行","旅（目的地別）> ヨーロッパへの旅","https://support.google.com/richmedia/answer/17100174?hl=ja","2026-08-09"
"4576369","ローマへの旅","IN_MARKET","in_market","旅行","旅（目的地別）> ヨーロッパへの旅 > イタリアへの旅","https://support.google.com/richmedia/answer/17100174?hl=ja","2026-08-09"
"4576489","トルコへの旅","IN_MARKET","in_market","旅行","旅（目的地別）> ヨーロッパへの旅","https://support.google.com/richmedia/answer/17100174?hl=ja","2026-08-09"
"4576609","ブエノスアイレスへの旅","IN_MARKET","in_market","旅行","旅（目的地別）> ラテンアメリカへの旅","https://support.google.com/richmedia/answer/17100174?hl=ja","2026-08-09"
"4576729","カリブ諸国への旅","IN_MARKET","in_market","旅行","旅（目的地別）> ラテンアメリカへの旅","https://support.google.com/richmedia/answer/17100174?hl=ja","2026-08-09"
"4576849","コスタリカへの旅","IN_MARKET","in_market","旅行","旅（目的地別）> ラテンアメリカへの旅","https://support.google.com/richmedia/answer/17100174?hl=ja","2026-08-09"
"4576969","メキシコへの旅","IN_MARKET","in_market","旅行","旅（目的地別）> ラテンアメリカへの旅","https://support.google.com/richmedia/answer/17100174?hl=ja","2026-08-09"
"4577089","リオデジャネイロへの旅","IN_MARKET","in_market","旅行","旅（目的地別）> ラテンアメリカへの旅 > ブラジルへの旅","https://support.google.com/richmedia/answer/17100174?hl=ja","2026-08-09"
"4577209","サンパウロへの旅","IN_MARKET","in_market","旅行","旅（目的地別）> ラテンアメリカへの旅 > ブラジルへの旅","https://support.google.com/richmedia/answer/17100174?hl=ja","2026-08-09"
"4577329","エジプトへの旅","IN_MARKET","in_market","旅行","旅（目的地別）> 中東、アフリカへの旅","https://support.google.com/richmedia/answer/17100174?hl=ja","2026-08-09"
"4577449","イスラエルへの旅","IN_MARKET","in_market","旅行","旅（目的地別）> 中東、アフリカへの旅","https://support.google.com/richmedia/answer/17100174?hl=ja","2026-08-09"
"4577569","モロッコへの旅","IN_MARKET","in_market","旅行","旅（目的地別）> 中東、アフリカへの旅","https://support.google.com/richmedia/answer/17100174?hl=ja","2026-08-09"
"4577689","南アフリカへの旅","IN_MARKET","in_market","旅行","旅（目的地別）> 中東、アフリカへの旅","https://support.google.com/richmedia/answer/17100174?hl=ja","2026-08-09"
"4577809","アラブ首長国連邦への旅","IN_MARKET","in_market","旅行","旅（目的地別）> 中東、アフリカへの旅","https://support.google.com/richmedia/answer/17100174?hl=ja","2026-08-09"
"4577929","アトランタへの旅","IN_MARKET","in_market","旅行","旅（目的地別）> 北アメリカへの旅 > アメリカへの旅","https://support.google.com/richmedia/answer/17100174?hl=ja","2026-08-09"
"4578049","オースティンへの旅","IN_MARKET","in_market","旅行","旅（目的地別）> 北アメリカへの旅 > アメリカへの旅","https://support.google.com/richmedia/answer/17100174?hl=ja","2026-08-09"
"4578169","ボストンへの旅","IN_MARKET","in_market","旅行","旅（目的地別）> 北アメリカへの旅 > アメリカへの旅","https://support.google.com/richmedia/answer/17100174?hl=ja","2026-08-09"
"4578289","シャーロットへの旅","IN_MARKET","in_market","旅行","旅（目的地別）> 北アメリカへの旅 > アメリカへの旅","https://support.google.com/richmedia/answer/17100174?hl=ja","2026-08-09"
"4578409","シカゴへの旅","IN_MARKET","in_market","旅行","旅（目的地別）> 北アメリカへの旅 > アメリカへの旅","https://support.google.com/richmedia/answer/17100174?hl=ja","2026-08-09"
"4578529","ダラス フォートワースへの旅","IN_MARKET","in_market","旅行","旅（目的地別）> 北アメリカへの旅 > アメリカへの旅","https://support.google.com/richmedia/answer/17100174?hl=ja","2026-08-09"
"4578649","デンバーへの旅","IN_MARKET","in_market","旅行","旅（目的地別）> 北アメリカへの旅 > アメリカへの旅","https://support.google.com/richmedia/answer/17100174?hl=ja","2026-08-09"
"4578769","デトロイトへの旅","IN_MARKET","in_market","旅行","旅（目的地別）> 北アメリカへの旅 > アメリカへの旅","https://support.google.com/richmedia/answer/17100174?hl=ja","2026-08-09"
"4578889","フォートローダーデールへの旅","IN_MARKET","in_market","旅行","旅（目的地別）> 北アメリカへの旅 > アメリカへの旅 > フロリダへの旅","https://support.google.com/richmedia/answer/17100174?hl=ja","2026-08-09"
"4579009","ハワイへの旅","IN_MARKET","in_market","旅行","旅（目的地別）> 北アメリカへの旅 > アメリカへの旅","https://support.google.com/richmedia/answer/17100174?hl=ja","2026-08-09"
"4579129","ヒューストンへの旅","IN_MARKET","in_market","旅行","旅（目的地別）> 北アメリカへの旅 > アメリカへの旅","https://support.google.com/richmedia/answer/17100174?hl=ja","2026-08-09"
"4579249","ラスベガスへの旅","IN_MARKET","in_market","旅行","旅（目的地別）> 北アメリカへの旅 > アメリカへの旅","https://support.google.com/richmedia/answer/17100174?hl=ja","2026-08-09"
"4579369","ロサンゼルスへの旅","IN_MARKET","in_market","旅行","旅（目的地別）> 北アメリカへの旅 > アメリカへの旅 > カリフォルニアへの旅","https://support.google.com/richmedia/answer/17100174?hl=ja","2026-08-09"
"4579489","マイアミへの旅","IN_MARKET","in_market","旅行","旅（目的地別）> 北アメリカへの旅 > アメリカへの旅 > フロリダへの旅","https://support.google.com/richmedia/answer/17100174?hl=ja","2026-08-09"
"4579609","ミネアポリス セントポールへの旅","IN_MARKET","in_market","旅行","旅（目的地別）> 北アメリカへの旅 > アメリカへの旅","https://support.google.com/richmedia/answer/17100174?hl=ja","2026-08-09"
"4579729","モントリオールへの旅","IN_MARKET","in_market","旅行","旅（目的地別）> 北アメリカへの旅 > カナダへの旅","https://support.google.com/richmedia/answer/17100174?hl=ja","2026-08-09"
"4579849","マートルビーチ、グランド ストランドへの旅","IN_MARKET","in_market","旅行","旅（目的地別）> 北アメリカへの旅 > アメリカへの旅","https://support.google.com/richmedia/answer/17100174?hl=ja","2026-08-09"
"4579969","ナッシュビルへの旅","IN_MARKET","in_market","旅行","旅（目的地別）> 北アメリカへの旅 > アメリカへの旅","https://support.google.com/richmedia/answer/17100174?hl=ja","2026-08-09"
"4580089","ニューオーリンズへの旅","IN_MARKET","in_market","旅行","旅（目的地別）> 北アメリカへの旅 > アメリカへの旅","https://support.google.com/richmedia/answer/17100174?hl=ja","2026-08-09"
"4580209","ニューヨーク市への旅","IN_MARKET","in_market","旅行","旅（目的地別）> 北アメリカへの旅 > アメリカへの旅","https://support.google.com/richmedia/answer/17100174?hl=ja","2026-08-09"
"4580329","カリフォルニア州オレンジ カウンティへの旅","IN_MARKET","in_market","旅行","旅（目的地別）> 北アメリカへの旅 > アメリカへの旅 > カリフォルニアへの旅","https://support.google.com/richmedia/answer/17100174?hl=ja","2026-08-09"
"4580449","オーランドへの旅","IN_MARKET","in_market","旅行","旅（目的地別）> 北アメリカへの旅 > アメリカへの旅 > フロリダへの旅","https://support.google.com/richmedia/answer/17100174?hl=ja","2026-08-09"
"4580569","フィラデルフィアへの旅","IN_MARKET","in_market","旅行","旅（目的地別）> 北アメリカへの旅 > アメリカへの旅","https://support.google.com/richmedia/answer/17100174?hl=ja","2026-08-09"
"4580689","フェニックスへの旅","IN_MARKET","in_market","旅行","旅（目的地別）> 北アメリカへの旅 > アメリカへの旅","https://support.google.com/richmedia/answer/17100174?hl=ja","2026-08-09"
"4580809","オレゴン州ポートランドへの旅","IN_MARKET","in_market","旅行","旅（目的地別）> 北アメリカへの旅 > アメリカへの旅","https://support.google.com/richmedia/answer/17100174?hl=ja","2026-08-09"
"4580929","ソルトレイクシティへの旅","IN_MARKET","in_market","旅行","旅（目的地別）> 北アメリカへの旅 > アメリカへの旅","https://support.google.com/richmedia/answer/17100174?hl=ja","2026-08-09"
"4581049","サンアントニオへの旅","IN_MARKET","in_market","旅行","旅（目的地別）> 北アメリカへの旅 > アメリカへの旅","https://support.google.com/richmedia/answer/17100174?hl=ja","2026-08-09"
"4581169","サンディエゴへの旅","IN_MARKET","in_market","旅行","旅（目的地別）> 北アメリカへの旅 > アメリカへの旅 > カリフォルニアへの旅","https://support.google.com/richmedia/answer/17100174?hl=ja","2026-08-09"
"4581289","サンフランシスコ ベイエリアへの旅","IN_MARKET","in_market","旅行","旅（目的地別）> 北アメリカへの旅 > アメリカへの旅 > カリフォルニアへの旅","https://support.google.com/richmedia/answer/17100174?hl=ja","2026-08-09"
"4581409","シアトルへの旅","IN_MARKET","in_market","旅行","旅（目的地別）> 北アメリカへの旅 > アメリカへの旅","https://support.google.com/richmedia/answer/17100174?hl=ja","2026-08-09"
"4581529","セントルイスへの旅","IN_MARKET","in_market","旅行","旅（目的地別）> 北アメリカへの旅 > アメリカへの旅","https://support.google.com/richmedia/answer/17100174?hl=ja","2026-08-09"
"4581649","タンパ ベイエリアへの旅","IN_MARKET","in_market","旅行","旅（目的地別）> 北アメリカへの旅 > アメリカへの旅 > フロリダへの旅","https://support.google.com/richmedia/answer/17100174?hl=ja","2026-08-09"
"4581769","トロントへの旅","IN_MARKET","in_market","旅行","旅（目的地別）> 北アメリカへの旅 > カナダへの旅","https://support.google.com/richmedia/answer/17100174?hl=ja","2026-08-09"
"4581889","バンクーバーへの旅","IN_MARKET","in_market","旅行","旅（目的地別）> 北アメリカへの旅 > カナダへの旅","https://support.google.com/richmedia/answer/17100174?hl=ja","2026-08-09"
"4582009","ワシントン DC への旅","IN_MARKET","in_market","旅行","旅（目的地別）> 北アメリカへの旅 > アメリカへの旅","https://support.google.com/richmedia/answer/17100174?hl=ja","2026-08-09"
"4582129","ラム トラックス","IN_MARKET","in_market","自動車","自動車 > 自動車（ブランド別）","https://support.google.com/richmedia/answer/17100174?hl=ja","2026-08-09"
"4582249","テスラ モーターズ","IN_MARKET","in_market","自動車","自動車 > 自動車（ブランド別）","https://support.google.com/richmedia/answer/17100174?hl=ja","2026-08-09"
"4583089","読書好き","AFFINITY","affinity","メディア、エンターテイメント","","https://support.google.com/richmedia/answer/17100174?hl=ja","2026-08-09"
"4583209","出張が多い","AFFINITY","affinity","旅行","","https://support.google.com/richmedia/answer/17100174?hl=ja","2026-08-09"
"4583449","フード、ダイニング","AFFINITY","affinity","","","https://support.google.com/richmedia/answer/17100174?hl=ja","2026-08-09"
"4583569","頻繁に外食","AFFINITY","affinity","フード、ダイニング","","https://support.google.com/richmedia/answer/17100174?hl=ja","2026-08-09"
"4583689","朝食は頻繁に外食","AFFINITY","affinity","フード、ダイニング","頻繁に外食 > 飲食店（食事時間別）","https://support.google.com/richmedia/answer/17100174?hl=ja","2026-08-09"
"4583809","夕食は頻繁に外食","AFFINITY","affinity","フード、ダイニング","頻繁に外食 > 飲食店（食事時間別）","https://support.google.com/richmedia/answer/17100174?hl=ja","2026-08-09"
"4583929","昼食は頻繁に外食","AFFINITY","affinity","フード、ダイニング","頻繁に外食 > 飲食店（食事時間別）","https://support.google.com/richmedia/answer/17100174?hl=ja","2026-08-09"
"4584049","カフェの常連","AFFINITY","affinity","フード、ダイニング","","https://support.google.com/richmedia/answer/17100174?hl=ja","2026-08-09"
"4584169","ライブイベントに頻繁に参加","AFFINITY","affinity","ライフスタイル、趣味","","https://support.google.com/richmedia/answer/17100174?hl=ja","2026-08-09"
"4584289","頻繁にサロンを訪問","AFFINITY","affinity","美容、健康","","https://support.google.com/richmedia/answer/17100174?hl=ja","2026-08-09"
"4584529","買い物好き（スーパーマーケット）","AFFINITY","affinity","買い物好き","買い物好き（店舗タイプ別）","https://support.google.com/richmedia/answer/17100174?hl=ja","2026-08-09"
"4584889","買い物好き（コンビニエンス ストア）","AFFINITY","affinity","買い物好き","買い物好き（店舗タイプ別）","https://support.google.com/richmedia/answer/17100174?hl=ja","2026-08-09"
"4585009","買い物好き（デパート）","AFFINITY","affinity","買い物好き","買い物好き（店舗タイプ別）","https://support.google.com/richmedia/answer/17100174?hl=ja","2026-08-09"
"4586449","オーストラリアへの旅","IN_MARKET","in_market","旅行","旅（目的地別）> アジア太平洋地域への旅","https://support.google.com/richmedia/answer/17100174?hl=ja","2026-08-09"
"4586569","ブリスベンへの旅","IN_MARKET","in_market","旅行","旅（目的地別）> アジア太平洋地域への旅 > オーストラリアへの旅","https://support.google.com/richmedia/answer/17100174?hl=ja","2026-08-09"
"4586689","オーディオ好き","AFFINITY","affinity","テクノロジー","ハイテク好き","https://support.google.com/richmedia/answer/17100174?hl=ja","2026-08-09"
"4586809","スマートホーム好き","AFFINITY","affinity","テクノロジー","ハイテク好き","https://support.google.com/richmedia/answer/17100174?hl=ja","2026-08-09"
"4586929","ハイエンド パソコン好き","AFFINITY","affinity","テクノロジー","ハイテク好き","https://support.google.com/richmedia/answer/17100174?hl=ja","2026-08-09"
"4587289","テレビのライトユーザー","AFFINITY","affinity","メディア、エンターテイメント","","https://support.google.com/richmedia/answer/17100174?hl=ja","2026-08-09"
"4587409","クラウド サービスのヘビーユーザー","AFFINITY","affinity","テクノロジー","ハイテク好き","https://support.google.com/richmedia/answer/17100174?hl=ja","2026-08-09"
"4587649","銀行、金融","AFFINITY","affinity","","","https://support.google.com/richmedia/answer/17100174?hl=ja","2026-08-09"
"4588969","乗り物、交通機関","AFFINITY","affinity","","","https://support.google.com/richmedia/answer/17100174?hl=ja","2026-08-09"
"4589209","公共交通機関の利用者","AFFINITY","affinity","乗り物、交通機関","交通手段","https://support.google.com/richmedia/answer/17100174?hl=ja","2026-08-09"
"4589329","タクシーの利用者","AFFINITY","affinity","乗り物、交通機関","交通手段","https://support.google.com/richmedia/answer/17100174?hl=ja","2026-08-09"
"4589569","飲食店（食事時間別）","AFFINITY","affinity","フード、ダイニング","頻繁に外食","https://support.google.com/richmedia/answer/17100174?hl=ja","2026-08-09"
"4589689","メディア、エンターテイメント","AFFINITY","affinity","","","https://support.google.com/richmedia/answer/17100174?hl=ja","2026-08-09"
"4590409","美容、健康","AFFINITY","affinity","","","https://support.google.com/richmedia/answer/17100174?hl=ja","2026-08-09"
"4594489","家庭、園芸","AFFINITY","affinity","","","https://support.google.com/richmedia/answer/17100174?hl=ja","2026-08-09"
"4594609","ライフスタイル、趣味","AFFINITY","affinity","","","https://support.google.com/richmedia/answer/17100174?hl=ja","2026-08-09"
"4594729","ニュースと政治","AFFINITY","affinity","","","https://support.google.com/richmedia/answer/17100174?hl=ja","2026-08-09"
"4594849","スポーツ、フィットネス","AFFINITY","affinity","","","https://support.google.com/richmedia/answer/17100174?hl=ja","2026-08-09"
"4594969","テクノロジー","AFFINITY","affinity","","","https://support.google.com/richmedia/answer/17100174?hl=ja","2026-08-09"
"4595089","旅行","AFFINITY","affinity","","","https://support.google.com/richmedia/answer/17100174?hl=ja","2026-08-09"
"4596769","買い物好き（店舗タイプ別）","AFFINITY","affinity","買い物好き","","https://support.google.com/richmedia/answer/17100174?hl=ja","2026-08-09"
"4597369","交通手段","AFFINITY","affinity","乗り物、交通機関","","https://support.google.com/richmedia/answer/17100174?hl=ja","2026-08-09"
"4643809","眼鏡","IN_MARKET","in_market","アパレル、アクセサリー","","https://support.google.com/richmedia/answer/17100174?hl=ja","2026-08-09"
"4643929","携帯電話用アクセサリ","IN_MARKET","in_market","家電","","https://support.google.com/richmedia/answer/17100174?hl=ja","2026-08-09"
"4644289","靴下","IN_MARKET","in_market","アパレル、アクセサリー","","https://support.google.com/richmedia/answer/17100174?hl=ja","2026-08-09"
"4644409","厨房設備","IN_MARKET","in_market","ビジネス、産業向けの関連商品","","https://support.google.com/richmedia/answer/17100174?hl=ja","2026-08-09"
"4644649","ビジネス、産業向けの関連商品","IN_MARKET","in_market","","","https://support.google.com/richmedia/answer/17100174?hl=ja","2026-08-09"
"4644769","下着","IN_MARKET","in_market","アパレル、アクセサリー","","https://support.google.com/richmedia/answer/17100174?hl=ja","2026-08-09"
"4644889","看板、標識","IN_MARKET","in_market","ビジネス、産業向けの関連商品","","https://support.google.com/richmedia/answer/17100174?hl=ja","2026-08-09"
"4645009","ヘッドフォン、ヘッドセット","IN_MARKET","in_market","家電","オーディオ","https://support.google.com/richmedia/answer/17100174?hl=ja","2026-08-09"
"4645129","電池","IN_MARKET","in_market","家電","","https://support.google.com/richmedia/answer/17100174?hl=ja","2026-08-09"
"4645369","芝生の手入れ、ガーデニング","IN_MARKET","in_market","家庭、園芸","屋外用アイテム","https://support.google.com/richmedia/answer/17100174?hl=ja","2026-08-09"
"4645609","温度調整機、空調設備","IN_MARKET","in_market","家庭、園芸","生活家電用品","https://support.google.com/richmedia/answer/17100174?hl=ja","2026-08-09"
"4645729","扇風機","IN_MARKET","in_market","家庭、園芸","家電 > 温度調整機","https://support.google.com/richmedia/answer/17100174?hl=ja","2026-08-09"
"4645849","エアコン","IN_MARKET","in_market","家庭、園芸","家電 > 温度調整機","https://support.google.com/richmedia/answer/17100174?hl=ja","2026-08-09"
"4646569","物置小屋、屋外構築物","IN_MARKET","in_market","家庭、園芸","屋外用アイテム","https://support.google.com/richmedia/answer/17100174?hl=ja","2026-08-09"
"4646689","ベッド、ベッドフレーム","IN_MARKET","in_market","家庭、園芸","家具 > 寝室","https://support.google.com/richmedia/answer/17100174?hl=ja","2026-08-09"
"4646809","マットレス","IN_MARKET","in_market","家庭、園芸","家具 > 寝室","https://support.google.com/richmedia/answer/17100174?hl=ja","2026-08-09"
"4646929","食器","IN_MARKET","in_market","家庭、園芸","","https://support.google.com/richmedia/answer/17100174?hl=ja","2026-08-09"
"4647529","調理器具、製菓道具","IN_MARKET","in_market","家庭、園芸","","https://support.google.com/richmedia/answer/17100174?hl=ja","2026-08-09"
"4648369","家庭用品","IN_MARKET","in_market","家庭、園芸","","https://support.google.com/richmedia/answer/17100174?hl=ja","2026-08-09"
"4648489","家庭用掃除用品","IN_MARKET","in_market","家庭、園芸","家庭用品","https://support.google.com/richmedia/answer/17100174?hl=ja","2026-08-09"
"4649569","ドッグフード、犬用品","IN_MARKET","in_market","家庭、園芸","ペット用品","https://support.google.com/richmedia/answer/17100174?hl=ja","2026-08-09"
"4649689","キャットフード、猫用品","IN_MARKET","in_market","家庭、園芸","ペット用品","https://support.google.com/richmedia/answer/17100174?hl=ja","2026-08-09"
"4649809","ズボン","IN_MARKET","in_market","アパレル、アクセサリー","","https://support.google.com/richmedia/answer/17100174?hl=ja","2026-08-09"
"4650169","シャツ、トップス","IN_MARKET","in_market","アパレル、アクセサリー","","https://support.google.com/richmedia/answer/17100174?hl=ja","2026-08-09"
"4650289","寝具","IN_MARKET","in_market","家庭、園芸","室内装飾","https://support.google.com/richmedia/answer/17100174?hl=ja","2026-08-09"
"4650409","サングラス","IN_MARKET","in_market","アパレル、アクセサリー","眼鏡","https://support.google.com/richmedia/answer/17100174?hl=ja","2026-08-09"
"4650529","害虫、害獣駆除用品","IN_MARKET","in_market","家庭、園芸","家庭用品","https://support.google.com/richmedia/answer/17100174?hl=ja","2026-08-09"
"4651249","イズミルへの旅","IN_MARKET","in_market","旅行","旅（目的地別）> ヨーロッパへの旅 > トルコへの旅","https://support.google.com/richmedia/answer/17100174?hl=ja","2026-08-09"
"4651369","パースへの旅","IN_MARKET","in_market","旅行","旅（目的地別）> アジア太平洋地域への旅 > オーストラリアへの旅","https://support.google.com/richmedia/answer/17100174?hl=ja","2026-08-09"
"4651489","中国への旅","IN_MARKET","in_market","旅行","旅（目的地別）> アジア太平洋地域への旅","https://support.google.com/richmedia/answer/17100174?hl=ja","2026-08-09"
"4651609","広州への旅","IN_MARKET","in_market","旅行","旅（目的地別）> アジア太平洋地域への旅 > 中国への旅","https://support.google.com/richmedia/answer/17100174?hl=ja","2026-08-09"
"4651729","バンガロールへの旅","IN_MARKET","in_market","旅行","旅（目的地別）> アジア太平洋地域への旅 > インドへの旅","https://support.google.com/richmedia/answer/17100174?hl=ja","2026-08-09"
"4651969","コルカタへの旅","IN_MARKET","in_market","旅行","旅（目的地別）> アジア太平洋地域への旅 > インドへの旅","https://support.google.com/richmedia/answer/17100174?hl=ja","2026-08-09"
"4652209","チェンナイへの旅","IN_MARKET","in_market","旅行","旅（目的地別）> アジア太平洋地域への旅 > インドへの旅","https://support.google.com/richmedia/answer/17100174?hl=ja","2026-08-09"
"4652329","ゴアへの旅","IN_MARKET","in_market","旅行","旅（目的地別）> アジア太平洋地域への旅 > インドへの旅","https://support.google.com/richmedia/answer/17100174?hl=ja","2026-08-09"
"4652449","ハイデラバードへの旅","IN_MARKET","in_market","旅行","旅（目的地別）> アジア太平洋地域への旅 > インドへの旅","https://support.google.com/richmedia/answer/17100174?hl=ja","2026-08-09"
"4652569","ジャイプルへの旅","IN_MARKET","in_market","旅行","旅（目的地別）> アジア太平洋地域への旅 > インドへの旅","https://support.google.com/richmedia/answer/17100174?hl=ja","2026-08-09"
"4652689","ムンバイへの旅","IN_MARKET","in_market","旅行","旅（目的地別）> アジア太平洋地域への旅 > インドへの旅","https://support.google.com/richmedia/answer/17100174?hl=ja","2026-08-09"
"4652809","インドネシアへの旅","IN_MARKET","in_market","旅行","旅（目的地別）> アジア太平洋地域への旅","https://support.google.com/richmedia/answer/17100174?hl=ja","2026-08-09"
"4653049","デリーへの旅","IN_MARKET","in_market","旅行","旅（目的地別）> アジア太平洋地域への旅 > インドへの旅","https://support.google.com/richmedia/answer/17100174?hl=ja","2026-08-09"
"4653169","ジャカルタへの旅","IN_MARKET","in_market","旅行","旅（目的地別）> アジア太平洋地域への旅 > インドネシアへの旅","https://support.google.com/richmedia/answer/17100174?hl=ja","2026-08-09"
"4653409","日本への旅","IN_MARKET","in_market","旅行","旅（目的地別）> アジア太平洋地域への旅","https://support.google.com/richmedia/answer/17100174?hl=ja","2026-08-09"
"4653649","沖縄への旅","IN_MARKET","in_market","旅行","旅（目的地別）> アジア太平洋地域への旅 > 日本への旅","https://support.google.com/richmedia/answer/17100174?hl=ja","2026-08-09"
"4653769","札幌への旅","IN_MARKET","in_market","旅行","旅（目的地別）> アジア太平洋地域への旅 > 日本への旅","https://support.google.com/richmedia/answer/17100174?hl=ja","2026-08-09"
"4653889","クアラルンプールへの旅","IN_MARKET","in_market","旅行","旅（目的地別）> アジア太平洋地域への旅 > マレーシアへの旅","https://support.google.com/richmedia/answer/17100174?hl=ja","2026-08-09"
"4654009","ネパールへの旅","IN_MARKET","in_market","旅行","旅（目的地別）> アジア太平洋地域への旅","https://support.google.com/richmedia/answer/17100174?hl=ja","2026-08-09"
"4654129","スリランカへの旅","IN_MARKET","in_market","旅行","旅（目的地別）> アジア太平洋地域への旅","https://support.google.com/richmedia/answer/17100174?hl=ja","2026-08-09"
"4654369","タイへの旅","IN_MARKET","in_market","旅行","旅（目的地別）> アジア太平洋地域への旅","https://support.google.com/richmedia/answer/17100174?hl=ja","2026-08-09"
"4654489","チエンマイへの旅","IN_MARKET","in_market","旅行","旅（目的地別）> アジア太平洋地域への旅 > タイへの旅","https://support.google.com/richmedia/answer/17100174?hl=ja","2026-08-09"
"4654489","プーケットへの旅","IN_MARKET","in_market","旅行","旅（目的地別）> アジア太平洋地域への旅 > タイへの旅","https://support.google.com/richmedia/answer/17100174?hl=ja","2026-08-09"
"4654609","ハノイへの旅","IN_MARKET","in_market","旅行","旅（目的地別）> アジア太平洋地域への旅 > ベトナムへの旅","https://support.google.com/richmedia/answer/17100174?hl=ja","2026-08-09"
"4654729","ホーチミン市への旅","IN_MARKET","in_market","旅行","旅（目的地別）> アジア太平洋地域への旅 > ベトナムへの旅","https://support.google.com/richmedia/answer/17100174?hl=ja","2026-08-09"
"4654849","ブリュッセルへの旅","IN_MARKET","in_market","旅行","旅（目的地別）> ヨーロッパへの旅","https://support.google.com/richmedia/answer/17100174?hl=ja","2026-08-09"
"4654969","デンマーク","IN_MARKET","in_market","旅行","旅（目的地別）> ヨーロッパへの旅","https://support.google.com/richmedia/answer/17100174?hl=ja","2026-08-09"
"4655089","コペンハーゲンへの旅","IN_MARKET","in_market","旅行","旅（目的地別）> ヨーロッパへの旅 > デンマークへの旅","https://support.google.com/richmedia/answer/17100174?hl=ja","2026-08-09"
"4655209","フランス","IN_MARKET","in_market","旅行","旅（目的地別）> ヨーロッパへの旅","https://support.google.com/richmedia/answer/17100174?hl=ja","2026-08-09"
"4655329","ボルドーへの旅","IN_MARKET","in_market","旅行","旅（目的地別）> ヨーロッパへの旅 > フランスへの旅","https://support.google.com/richmedia/answer/17100174?hl=ja","2026-08-09"
"4655449","リヨンへの旅","IN_MARKET","in_market","旅行","旅（目的地別）> ヨーロッパへの旅 > フランスへの旅","https://support.google.com/richmedia/answer/17100174?hl=ja","2026-08-09"
"4655569","マルセイユへの旅","IN_MARKET","in_market","旅行","旅（目的地別）> ヨーロッパへの旅 > フランスへの旅","https://support.google.com/richmedia/answer/17100174?hl=ja","2026-08-09"
"4655689","ニースへの旅","IN_MARKET","in_market","旅行","旅（目的地別）> ヨーロッパへの旅 > フランスへの旅","https://support.google.com/richmedia/answer/17100174?hl=ja","2026-08-09"
"4655809","トゥールーズへの旅","IN_MARKET","in_market","旅行","旅（目的地別）> ヨーロッパへの旅 > フランスへの旅","https://support.google.com/richmedia/answer/17100174?hl=ja","2026-08-09"
"4655929","ドイツ","IN_MARKET","in_market","旅行","旅（目的地別）> ヨーロッパへの旅","https://support.google.com/richmedia/answer/17100174?hl=ja","2026-08-09"
"4656049","ケルンへの旅","IN_MARKET","in_market","旅行","旅（目的地別）> ヨーロッパへの旅 > ドイツへの旅","https://support.google.com/richmedia/answer/17100174?hl=ja","2026-08-09"
"4656169","デュッセルドルフへの旅","IN_MARKET","in_market","旅行","旅（目的地別）> ヨーロッパへの旅 > ドイツへの旅","https://support.google.com/richmedia/answer/17100174?hl=ja","2026-08-09"
"4656289","ハンブルクへの旅","IN_MARKET","in_market","旅行","旅（目的地別）> ヨーロッパへの旅 > ドイツへの旅","https://support.google.com/richmedia/answer/17100174?hl=ja","2026-08-09"
"4656409","ミュンヘンへの旅","IN_MARKET","in_market","旅行","旅（目的地別）> ヨーロッパへの旅 > ドイツへの旅","https://support.google.com/richmedia/answer/17100174?hl=ja","2026-08-09"
"4656529","ヘルシンキへの旅","IN_MARKET","in_market","旅行","旅（目的地別）> ヨーロッパへの旅","https://support.google.com/richmedia/answer/17100174?hl=ja","2026-08-09"
"4656649","ハンガリー","IN_MARKET","in_market","旅行","旅（目的地別）> ヨーロッパへの旅","https://support.google.com/richmedia/answer/17100174?hl=ja","2026-08-09"
"4656769","ブダペストへの旅","IN_MARKET","in_market","旅行","旅（目的地別）> ヨーロッパへの旅 > ハンガリーへの旅","https://support.google.com/richmedia/answer/17100174?hl=ja","2026-08-09"
"4657009","アイスランドへの旅","IN_MARKET","in_market","旅行","旅（目的地別）> ヨーロッパへの旅","https://support.google.com/richmedia/answer/17100174?hl=ja","2026-08-09"
"4657129","ダブリンへの旅","IN_MARKET","in_market","旅行","旅（目的地別）> ヨーロッパへの旅 > アイルランドへの旅","https://support.google.com/richmedia/answer/17100174?hl=ja","2026-08-09"
"4657249","イタリア","IN_MARKET","in_market","旅行","旅（目的地別）> ヨーロッパへの旅","https://support.google.com/richmedia/answer/17100174?hl=ja","2026-08-09"
"4657369","フィレンツェへの旅","IN_MARKET","in_market","旅行","旅（目的地別）> ヨーロッパへの旅 > イタリアへの旅","https://support.google.com/richmedia/answer/17100174?hl=ja","2026-08-09"
"4657489","ミラノへの旅","IN_MARKET","in_market","旅行","旅（目的地別）> ヨーロッパへの旅 > イタリアへの旅","https://support.google.com/richmedia/answer/17100174?hl=ja","2026-08-09"
"4657609","ナポリへの旅","IN_MARKET","in_market","旅行","旅（目的地別）> ヨーロッパへの旅 > イタリアへの旅","https://support.google.com/richmedia/answer/17100174?hl=ja","2026-08-09"
"4657849","シチリアへの旅","IN_MARKET","in_market","旅行","旅（目的地別）> ヨーロッパへの旅 > イタリアへの旅","https://support.google.com/richmedia/answer/17100174?hl=ja","2026-08-09"
"4657969","ベネチアへの旅","IN_MARKET","in_market","旅行","旅（目的地別）> ヨーロッパへの旅 > イタリアへの旅","https://support.google.com/richmedia/answer/17100174?hl=ja","2026-08-09"
"4658089","キエフへの旅","IN_MARKET","in_market","旅行","旅（目的地別）> ヨーロッパへの旅","https://support.google.com/richmedia/answer/17100174?hl=ja","2026-08-09"
"4658209","マルタへの旅","IN_MARKET","in_market","旅行","旅（目的地別）> ヨーロッパへの旅","https://support.google.com/richmedia/answer/17100174?hl=ja","2026-08-09"
"4658329","オスロへの旅","IN_MARKET","in_market","旅行","旅（目的地別）> ヨーロッパへの旅","https://support.google.com/richmedia/answer/17100174?hl=ja","2026-08-09"
"4658449","ポーランド","IN_MARKET","in_market","旅行","旅（目的地別）> ヨーロッパへの旅","https://support.google.com/richmedia/answer/17100174?hl=ja","2026-08-09"
"4658569","クラクフへの旅","IN_MARKET","in_market","旅行","旅（目的地別）> ヨーロッパへの旅 > ポーランドへの旅","https://support.google.com/richmedia/answer/17100174?hl=ja","2026-08-09"
"4658689","ワルシャワへの旅","IN_MARKET","in_market","旅行","旅（目的地別）> ヨーロッパへの旅 > ポーランドへの旅","https://support.google.com/richmedia/answer/17100174?hl=ja","2026-08-09"
"4658809","ポルトガル","IN_MARKET","in_market","旅行","旅（目的地別）> ヨーロッパへの旅","https://support.google.com/richmedia/answer/17100174?hl=ja","2026-08-09"
"4658929","リスボンへの旅","IN_MARKET","in_market","旅行","旅（目的地別）> ヨーロッパへの旅 > ポルトガルへの旅","https://support.google.com/richmedia/answer/17100174?hl=ja","2026-08-09"
"4659049","ポルトへの旅","IN_MARKET","in_market","旅行","旅（目的地別）> ヨーロッパへの旅 > ポルトガルへの旅","https://support.google.com/richmedia/answer/17100174?hl=ja","2026-08-09"
"4659169","ルーマニアへの旅","IN_MARKET","in_market","旅行","旅（目的地別）> ヨーロッパへの旅","https://support.google.com/richmedia/answer/17100174?hl=ja","2026-08-09"
"4659409","スペイン","IN_MARKET","in_market","旅行","旅（目的地別）> ヨーロッパへの旅","https://support.google.com/richmedia/answer/17100174?hl=ja","2026-08-09"
"4659529","マラガへの旅","IN_MARKET","in_market","旅行","旅（目的地別）> ヨーロッパへの旅 > スペインへの旅","https://support.google.com/richmedia/answer/17100174?hl=ja","2026-08-09"
"4659649","マヨルカ、イビザ、バレアレス諸島への旅","IN_MARKET","in_market","旅行","旅（目的地別）> ヨーロッパへの旅 > スペインへの旅","https://support.google.com/richmedia/answer/17100174?hl=ja","2026-08-09"
"4659889","セビリアへの旅","IN_MARKET","in_market","旅行","旅（目的地別）> ヨーロッパへの旅 > スペインへの旅","https://support.google.com/richmedia/answer/17100174?hl=ja","2026-08-09"
"4660489","バレンシアへの旅","IN_MARKET","in_market","旅行","旅（目的地別）> ヨーロッパへの旅 > スペインへの旅","https://support.google.com/richmedia/answer/17100174?hl=ja","2026-08-09"
"4660609","サンクト ペテルブルグへの旅","IN_MARKET","in_market","旅行","旅（目的地別）> ヨーロッパへの旅","https://support.google.com/richmedia/answer/17100174?hl=ja","2026-08-09"
"4660729","ストックホルムへの旅","IN_MARKET","in_market","旅行","旅（目的地別）> ヨーロッパへの旅 > スウェーデンへの旅","https://support.google.com/richmedia/answer/17100174?hl=ja","2026-08-09"
"4660849","スウェーデン","IN_MARKET","in_market","旅行","旅（目的地別）> ヨーロッパへの旅","https://support.google.com/richmedia/answer/17100174?hl=ja","2026-08-09"
"4660969","スイス","IN_MARKET","in_market","旅行","旅（目的地別）> ヨーロッパへの旅","https://support.google.com/richmedia/answer/17100174?hl=ja","2026-08-09"
"4661089","チューリッヒへの旅","IN_MARKET","in_market","旅行","旅（目的地別）> ヨーロッパへの旅 > スイスへの旅","https://support.google.com/richmedia/answer/17100174?hl=ja","2026-08-09"
"4661209","ジュネーブへの旅","IN_MARKET","in_market","旅行","旅（目的地別）> ヨーロッパへの旅 > スイスへの旅","https://support.google.com/richmedia/answer/17100174?hl=ja","2026-08-09"
"4661329","イギリス","IN_MARKET","in_market","旅行","旅（目的地別）> ヨーロッパへの旅","https://support.google.com/richmedia/answer/17100174?hl=ja","2026-08-09"
"4661449","イギリス、バーミンガムへの旅","IN_MARKET","in_market","旅行","旅（目的地別）> ヨーロッパへの旅 > イギリスへの旅","https://support.google.com/richmedia/answer/17100174?hl=ja","2026-08-09"
"4661569","エディンバラへの旅","IN_MARKET","in_market","旅行","旅（目的地別）> ヨーロッパへの旅 > イギリスへの旅","https://support.google.com/richmedia/answer/17100174?hl=ja","2026-08-09"
"4661689","アート、工芸の関連用品","IN_MARKET","in_market","","","https://support.google.com/richmedia/answer/17100174?hl=ja","2026-08-09"
"4661809","ボゴタへの旅","IN_MARKET","in_market","旅行","旅（目的地別）> ラテンアメリカへの旅","https://support.google.com/richmedia/answer/17100174?hl=ja","2026-08-09"
"4661929","ブラジル","IN_MARKET","in_market","旅行","旅（目的地別）> ラテンアメリカへの旅","https://support.google.com/richmedia/answer/17100174?hl=ja","2026-08-09"
"4662049","楽器、楽器用品","IN_MARKET","in_market","","","https://support.google.com/richmedia/answer/17100174?hl=ja","2026-08-09"
"4662169","サルバドルへの旅","IN_MARKET","in_market","旅行","旅（目的地別）> ラテンアメリカへの旅 > ブラジルへの旅","https://support.google.com/richmedia/answer/17100174?hl=ja","2026-08-09"
"4662289","グラスゴーへの旅","IN_MARKET","in_market","旅行","旅（目的地別）> ヨーロッパへの旅 > イギリスへの旅","https://support.google.com/richmedia/answer/17100174?hl=ja","2026-08-09"
"4662409","イギリス、マンチェスターへの旅","IN_MARKET","in_market","旅行","旅（目的地別）> ヨーロッパへの旅 > イギリスへの旅","https://support.google.com/richmedia/answer/17100174?hl=ja","2026-08-09"
"4662529","アンタルヤへの旅","IN_MARKET","in_market","旅行","旅（目的地別）> ヨーロッパへの旅 > トルコへの旅","https://support.google.com/richmedia/answer/17100174?hl=ja","2026-08-09"
"4662649","イスタンブールへの旅","IN_MARKET","in_market","旅行","旅（目的地別）> ヨーロッパへの旅 > トルコへの旅","https://support.google.com/richmedia/answer/17100174?hl=ja","2026-08-09"
"4662769","ウィーンへの旅","IN_MARKET","in_market","旅行","旅（目的地別）> ヨーロッパへの旅","https://support.google.com/richmedia/answer/17100174?hl=ja","2026-08-09"
"4662889","アルバへの旅","IN_MARKET","in_market","旅行","旅（目的地別）> ラテンアメリカへの旅 > カリブ諸国への旅","https://support.google.com/richmedia/answer/17100174?hl=ja","2026-08-09"
"4663009","キューバへの旅","IN_MARKET","in_market","旅行","旅（目的地別）> ラテンアメリカへの旅 > カリブ諸国への旅","https://support.google.com/richmedia/answer/17100174?hl=ja","2026-08-09"
"4663129","ジャマイカへの旅","IN_MARKET","in_market","旅行","旅（目的地別）> ラテンアメリカへの旅 > カリブ諸国への旅","https://support.google.com/richmedia/answer/17100174?hl=ja","2026-08-09"
"4663249","カンクン、プラヤ デル カルメンへの旅","IN_MARKET","in_market","旅行","旅（目的地別）> ラテンアメリカへの旅 > メキシコへの旅","https://support.google.com/richmedia/answer/17100174?hl=ja","2026-08-09"
"4663369","グアダラハラへの旅","IN_MARKET","in_market","旅行","旅（目的地別）> ラテンアメリカへの旅 > メキシコへの旅","https://support.google.com/richmedia/answer/17100174?hl=ja","2026-08-09"
"4663489","ロスカボスへの旅","IN_MARKET","in_market","旅行","旅（目的地別）> ラテンアメリカへの旅 > メキシコへの旅","https://support.google.com/richmedia/answer/17100174?hl=ja","2026-08-09"
"4663609","メキシコシティへの旅","IN_MARKET","in_market","旅行","旅（目的地別）> ラテンアメリカへの旅 > メキシコへの旅","https://support.google.com/richmedia/answer/17100174?hl=ja","2026-08-09"
"4663729","モンテレイへの旅","IN_MARKET","in_market","旅行","旅（目的地別）> ラテンアメリカへの旅 > メキシコへの旅","https://support.google.com/richmedia/answer/17100174?hl=ja","2026-08-09"
"4663849","プエルト バヤルタへの旅","IN_MARKET","in_market","旅行","旅（目的地別）> ラテンアメリカへの旅 > メキシコへの旅","https://support.google.com/richmedia/answer/17100174?hl=ja","2026-08-09"
"4663969","パナマ","IN_MARKET","in_market","旅行","旅（目的地別）> ラテンアメリカへの旅","https://support.google.com/richmedia/answer/17100174?hl=ja","2026-08-09"
"4664089","サンチアゴ","IN_MARKET","in_market","旅行","旅（目的地別）> ラテンアメリカへの旅","https://support.google.com/richmedia/answer/17100174?hl=ja","2026-08-09"
"4664209","ヨルダン","IN_MARKET","in_market","旅行","旅（目的地別）> 中東、アフリカへの旅","https://support.google.com/richmedia/answer/17100174?hl=ja","2026-08-09"
"4664329","ケニア","IN_MARKET","in_market","旅行","旅（目的地別）> 中東、アフリカへの旅","https://support.google.com/richmedia/answer/17100174?hl=ja","2026-08-09"
"4664449","レバノン","IN_MARKET","in_market","旅行","旅（目的地別）> 中東、アフリカへの旅","https://support.google.com/richmedia/answer/17100174?hl=ja","2026-08-09"
"4664569","プエルトリコへの旅","IN_MARKET","in_market","旅行","旅（目的地別）> ラテンアメリカへの旅 > カリブ諸国への旅","https://support.google.com/richmedia/answer/17100174?hl=ja","2026-08-09"
"4664689","ドミニカ共和国への旅","IN_MARKET","in_market","旅行","旅（目的地別）> ラテンアメリカへの旅 > カリブ諸国への旅","https://support.google.com/richmedia/answer/17100174?hl=ja","2026-08-09"
"4664809","グアテマラ","IN_MARKET","in_market","旅行","旅（目的地別）> ラテンアメリカへの旅","https://support.google.com/richmedia/answer/17100174?hl=ja","2026-08-09"
"4665049","リマ","IN_MARKET","in_market","旅行","旅（目的地別）> ラテンアメリカへの旅","https://support.google.com/richmedia/answer/17100174?hl=ja","2026-08-09"
"4665169","アカプルコへの旅","IN_MARKET","in_market","旅行","旅（目的地別）> ラテンアメリカへの旅 > メキシコへの旅","https://support.google.com/richmedia/answer/17100174?hl=ja","2026-08-09"
"4665289","アメリカ","IN_MARKET","in_market","旅行","旅（目的地別）> 北アメリカへの旅","https://support.google.com/richmedia/answer/17100174?hl=ja","2026-08-09"
"4665409","アラスカへの旅","IN_MARKET","in_market","旅行","旅（目的地別）> 北アメリカへの旅 > アメリカへの旅","https://support.google.com/richmedia/answer/17100174?hl=ja","2026-08-09"
"4665529","アルバカーキへの旅","IN_MARKET","in_market","旅行","旅（目的地別）> 北アメリカへの旅 > アメリカへの旅","https://support.google.com/richmedia/answer/17100174?hl=ja","2026-08-09"
"4665649","ボルティモアへの旅","IN_MARKET","in_market","旅行","旅（目的地別）> 北アメリカへの旅 > アメリカへの旅","https://support.google.com/richmedia/answer/17100174?hl=ja","2026-08-09"
"4665769","バッファロー ロチェスター エリアへの旅","IN_MARKET","in_market","旅行","旅（目的地別）> 北アメリカへの旅 > アメリカへの旅","https://support.google.com/richmedia/answer/17100174?hl=ja","2026-08-09"
"4665889","カリフォルニア","IN_MARKET","in_market","旅行","旅（目的地別）> 北アメリカへの旅 > アメリカへの旅","https://support.google.com/richmedia/answer/17100174?hl=ja","2026-08-09"
"4666129","サウスカロライナ州チャールストンへの旅","IN_MARKET","in_market","旅行","旅（目的地別）> 北アメリカへの旅 > アメリカへの旅","https://support.google.com/richmedia/answer/17100174?hl=ja","2026-08-09"
"4666249","ペットフード、グッズ","IN_MARKET","in_market","家庭、園芸","","https://support.google.com/richmedia/answer/17100174?hl=ja","2026-08-09"
"4666369","シンシナティ","IN_MARKET","in_market","旅行","旅（目的地別）> 北アメリカへの旅 > アメリカへの旅","https://support.google.com/richmedia/answer/17100174?hl=ja","2026-08-09"
"4666489","クリーブランド","IN_MARKET","in_market","旅行","旅（目的地別）> 北アメリカへの旅 > アメリカへの旅","https://support.google.com/richmedia/answer/17100174?hl=ja","2026-08-09"
"4666609","コロンバス","IN_MARKET","in_market","旅行","旅（目的地別）> 北アメリカへの旅 > アメリカへの旅","https://support.google.com/richmedia/answer/17100174?hl=ja","2026-08-09"
"4666729","フロリダ","IN_MARKET","in_market","旅行","旅（目的地別）> 北アメリカへの旅 > アメリカへの旅","https://support.google.com/richmedia/answer/17100174?hl=ja","2026-08-09"
"4666849","フォート マイヤーズへの旅","IN_MARKET","in_market","旅行","旅（目的地別）> 北アメリカへの旅 > アメリカへの旅 > フロリダへの旅","https://support.google.com/richmedia/answer/17100174?hl=ja","2026-08-09"
"4666969","ジャクソンビルへの旅","IN_MARKET","in_market","旅行","旅（目的地別）> 北アメリカへの旅 > アメリカへの旅 > フロリダへの旅","https://support.google.com/richmedia/answer/17100174?hl=ja","2026-08-09"
"4667089","キーウェストへの旅","IN_MARKET","in_market","旅行","旅（目的地別）> 北アメリカへの旅 > アメリカへの旅 > フロリダへの旅","https://support.google.com/richmedia/answer/17100174?hl=ja","2026-08-09"
"4667209","ハートフォード","IN_MARKET","in_market","旅行","旅（目的地別）> 北アメリカへの旅 > アメリカへの旅","https://support.google.com/richmedia/answer/17100174?hl=ja","2026-08-09"
"4667329","マウイへの旅","IN_MARKET","in_market","旅行","旅（目的地別）> 北アメリカへの旅 > アメリカへの旅 > ハワイへの旅","https://support.google.com/richmedia/answer/17100174?hl=ja","2026-08-09"
"4667449","オアフへの旅","IN_MARKET","in_market","旅行","旅（目的地別）> 北アメリカへの旅 > アメリカへの旅 > ハワイへの旅","https://support.google.com/richmedia/answer/17100174?hl=ja","2026-08-09"
"4667929","ビッグ アイランドへの旅","IN_MARKET","in_market","旅行","旅（目的地別）> 北アメリカへの旅 > アメリカへの旅 > ハワイへの旅","https://support.google.com/richmedia/answer/17100174?hl=ja","2026-08-09"
"4668049","インディアナポリス","IN_MARKET","in_market","旅行","旅（目的地別）> 北アメリカへの旅 > アメリカへの旅","https://support.google.com/richmedia/answer/17100174?hl=ja","2026-08-09"
"4668169","カンザスシティ","IN_MARKET","in_market","旅行","旅（目的地別）> 北アメリカへの旅 > アメリカへの旅","https://support.google.com/richmedia/answer/17100174?hl=ja","2026-08-09"
"4668289","ルイビル","IN_MARKET","in_market","旅行","旅（目的地別）> 北アメリカへの旅 > アメリカへの旅","https://support.google.com/richmedia/answer/17100174?hl=ja","2026-08-09"
"4668409","メンフィス","IN_MARKET","in_market","旅行","旅（目的地別）> 北アメリカへの旅 > アメリカへの旅","https://support.google.com/richmedia/answer/17100174?hl=ja","2026-08-09"
"4668529","ミルウォーキー","IN_MARKET","in_market","旅行","旅（目的地別）> 北アメリカへの旅 > アメリカへの旅","https://support.google.com/richmedia/answer/17100174?hl=ja","2026-08-09"
"4668769","ノーフォーク バージニアビーチ地域","IN_MARKET","in_market","旅行","旅（目的地別）> 北アメリカへの旅 > アメリカへの旅","https://support.google.com/richmedia/answer/17100174?hl=ja","2026-08-09"
"4668889","オクラホマシティー","IN_MARKET","in_market","旅行","旅（目的地別）> 北アメリカへの旅 > アメリカへの旅","https://support.google.com/richmedia/answer/17100174?hl=ja","2026-08-09"
"4669009","ピッツバーグ","IN_MARKET","in_market","旅行","旅（目的地別）> 北アメリカへの旅 > アメリカへの旅","https://support.google.com/richmedia/answer/17100174?hl=ja","2026-08-09"
"4669129","ローリー ダーラム地域","IN_MARKET","in_market","旅行","旅（目的地別）> 北アメリカへの旅 > アメリカへの旅","https://support.google.com/richmedia/answer/17100174?hl=ja","2026-08-09"
"4669369","リノ","IN_MARKET","in_market","旅行","旅（目的地別）> 北アメリカへの旅 > アメリカへの旅","https://support.google.com/richmedia/answer/17100174?hl=ja","2026-08-09"
"4669609","バージニア州リッチモンド","IN_MARKET","in_market","旅行","旅（目的地別）> 北アメリカへの旅 > アメリカへの旅","https://support.google.com/richmedia/answer/17100174?hl=ja","2026-08-09"
"4669729","ツーソン","IN_MARKET","in_market","旅行","旅（目的地別）> 北アメリカへの旅 > アメリカへの旅","https://support.google.com/richmedia/answer/17100174?hl=ja","2026-08-09"
"4669849","観光ツアー、観光名所","IN_MARKET","in_market","旅行","","https://support.google.com/richmedia/answer/17100174?hl=ja","2026-08-09"
"4669969","パッケージ ツアー","IN_MARKET","in_market","旅行","","https://support.google.com/richmedia/answer/17100174?hl=ja","2026-08-09"
"4670209","アラバマ州バーミンガムへの旅","IN_MARKET","in_market","旅行","旅（目的地別）> 北アメリカへの旅 > アメリカへの旅","https://support.google.com/richmedia/answer/17100174?hl=ja","2026-08-09"
"4670209","アンカラへの旅","IN_MARKET","in_market","旅行","旅（目的地別）> ヨーロッパへの旅 > トルコへの旅","https://support.google.com/richmedia/answer/17100174?hl=ja","2026-08-09"
"4670569","ケープタウンへの旅","IN_MARKET","in_market","旅行","旅（目的地別）> 中東、アフリカへの旅 > 南アフリカへの旅","https://support.google.com/richmedia/answer/17100174?hl=ja","2026-08-09"
"4670689","ヨハネスブルグへの旅","IN_MARKET","in_market","旅行","旅（目的地別）> 中東、アフリカへの旅 > 南アフリカへの旅","https://support.google.com/richmedia/answer/17100174?hl=ja","2026-08-09"
"4670809","ネックレス","IN_MARKET","in_market","アパレル、アクセサリー","ジュエリー、時計 > 高級ジュエリー","https://support.google.com/richmedia/answer/17100174?hl=ja","2026-08-09"
"4670929","カナダ","IN_MARKET","in_market","旅行","旅（目的地別）> 北アメリカへの旅","https://support.google.com/richmedia/answer/17100174?hl=ja","2026-08-09"
"4671169","カルガリーへの旅","IN_MARKET","in_market","旅行","旅（目的地別）> 北アメリカへの旅 > カナダへの旅","https://support.google.com/richmedia/answer/17100174?hl=ja","2026-08-09"
"4671289","オタワへの旅","IN_MARKET","in_market","旅行","旅（目的地別）> 北アメリカへの旅 > カナダへの旅","https://support.google.com/richmedia/answer/17100174?hl=ja","2026-08-09"
"4672249","クウェート","IN_MARKET","in_market","旅行","旅（目的地別）> 中東、アフリカへの旅","https://support.google.com/richmedia/answer/17100174?hl=ja","2026-08-09"
"4673329","クリスマスの買い物","IN_MARKET","in_market","季節的な買い物","","https://support.google.com/richmedia/answer/17100174?hl=ja","2026-08-09"
"4673449","バックパック","IN_MARKET","in_market","アパレル、アクセサリー","","https://support.google.com/richmedia/answer/17100174?hl=ja","2026-08-09"
"4673569","アクセント テーブル","IN_MARKET","in_market","家庭、園芸","家具 > リビングルーム","https://support.google.com/richmedia/answer/17100174?hl=ja","2026-08-09"
"4673689","キッチンツール、調理器具","IN_MARKET","in_market","家庭、園芸","","https://support.google.com/richmedia/answer/17100174?hl=ja","2026-08-09"
"4674409","新学期に向けた買い物","IN_MARKET","in_market","季節的な買い物","","https://support.google.com/richmedia/answer/17100174?hl=ja","2026-08-09"
"4674529","季節的な買い物","IN_MARKET","in_market","","","https://support.google.com/richmedia/answer/17100174?hl=ja","2026-08-09"
"4674649","ブラック フライデーの買い物","IN_MARKET","in_market","季節的な買い物","","https://support.google.com/richmedia/answer/17100174?hl=ja","2026-08-09"
"4674769","ソファ","IN_MARKET","in_market","家庭、園芸","家具 > リビングルーム","https://support.google.com/richmedia/answer/17100174?hl=ja","2026-08-09"
"4674889","帽子","IN_MARKET","in_market","アパレル、アクセサリー","","https://support.google.com/richmedia/answer/17100174?hl=ja","2026-08-09"
"4701649","母の日の買い物","IN_MARKET","in_market","季節的な買い物","","https://support.google.com/richmedia/answer/17100174?hl=ja","2026-08-09"
"4701769","母の日の外食","IN_MARKET","in_market","季節的な買い物","母の日の買い物","https://support.google.com/richmedia/answer/17100174?hl=ja","2026-08-09"
"4701889","クリスマスの買い物（実店舗）","IN_MARKET","in_market","季節的な買い物","クリスマスの買い物","https://support.google.com/richmedia/answer/17100174?hl=ja","2026-08-09"
"4702009","クリスマスの買い物（オンライン）","IN_MARKET","in_market","季節的な買い物","クリスマスの買い物","https://support.google.com/richmedia/answer/17100174?hl=ja","2026-08-09"
"4702129","母の日の花やカード","IN_MARKET","in_market","季節的な買い物","母の日の買い物","https://support.google.com/richmedia/answer/17100174?hl=ja","2026-08-09"
"4702369","クリスマス後のセールの買い物","IN_MARKET","in_market","季節的な買い物","クリスマスの買い物","https://support.google.com/richmedia/answer/17100174?hl=ja","2026-08-09"
"4702489","学用品","IN_MARKET","in_market","季節的な買い物","新学期に向けた買い物","https://support.google.com/richmedia/answer/17100174?hl=ja","2026-08-09"
"4702969","新学期に向けた衣服、小物","IN_MARKET","in_market","季節的な買い物","新学期に向けた買い物","https://support.google.com/richmedia/answer/17100174?hl=ja","2026-08-09"
"4703089","ブラック フライデーの買い物（オンライン）","IN_MARKET","in_market","季節的な買い物","ブラック フライデーの買い物","https://support.google.com/richmedia/answer/17100174?hl=ja","2026-08-09"
"4703209","ブラック フライデーの買い物（実店舗）","IN_MARKET","in_market","季節的な買い物","ブラック フライデーの買い物","https://support.google.com/richmedia/answer/17100174?hl=ja","2026-08-09"
"4706449","オリンピック ファン","AFFINITY","affinity","スポーツ、フィットネス","スポーツファン","https://support.google.com/richmedia/answer/17100174?hl=ja","2026-08-09"
